date,ron95,ron97,diesel,diesel_eastmsia,ron95_budi95,ron95_skps
1/1/2026,2.56,3.16,2.94,2.15,1.99,2.05
12/25/2025,2.56,3.16,2.94,2.15,1.99,2.05
12/18/2025,2.62,3.24,3.02,2.15,1.99,2.05
12/11/2025,2.64,3.27,3.06,2.15,1.99,2.05
12/4/2025,2.66,3.29,3.08,2.15,1.99,2.05
11/27/2025,2.63,3.26,3.08,2.15,1.99,2.05
11/20/2025,2.65,3.28,3.1,2.15,1.99,2.05
11/13/2025,2.65,3.25,3.07,2.15,1.99,2.05
11/6/2025,2.6,3.2,3.02,2.15,1.99,2.05
10/30/2025,2.6,3.2,2.95,2.15,1.99,2.05
10/23/2025,2.6,3.14,2.89,2.15,1.99,2.05
10/16/2025,2.6,3.18,2.93,2.15,1.99,2.05
10/9/2025,2.6,3.18,2.93,2.15,1.99,2.05
9/30/2025,2.6,3.21,2.93,2.15,1.99,2.05
9/25/2025,2.05,3.21,2.93,2.15,,
9/18/2025,2.05,3.21,2.93,2.15,,
9/11/2025,2.05,3.18,2.9,2.15,,
9/4/2025,2.05,3.16,2.88,2.15,,
8/28/2025,2.05,3.16,2.88,2.15,,
8/21/2025,2.05,3.13,2.85,2.15,,
8/14/2025,2.05,3.13,2.9,2.15,,
8/7/2025,2.05,3.17,2.94,2.15,,
7/31/2025,2.05,3.17,2.91,2.15,,
7/24/2025,2.05,3.21,2.91,2.15,,
7/17/2025,2.05,3.21,2.91,2.15,,
7/10/2025,2.05,3.18,2.88,2.15,,
7/3/2025,2.05,3.18,2.85,2.15,,
6/26/2025,2.05,3.21,2.88,2.15,,
6/19/2025,2.05,3.14,2.81,2.15,,
6/12/2025,2.05,3.07,2.74,2.15,,
6/5/2025,2.05,3.07,2.74,2.15,,
5/29/2025,2.05,3.1,2.77,2.15,,
5/22/2025,2.05,3.1,2.8,2.15,,
5/15/2025,2.05,3.07,2.77,2.15,,
5/8/2025,2.05,3.1,2.8,2.15,,
5/1/2025,2.05,3.18,2.88,2.15,,
4/24/2025,2.05,3.18,2.88,2.15,,
4/17/2025,2.05,3.18,2.88,2.15,,
4/10/2025,2.05,3.28,2.98,2.15,,
4/3/2025,2.05,3.33,3.03,2.15,,
3/27/2025,2.05,3.28,3.03,2.15,,
3/20/2025,2.05,3.28,3.03,2.15,,
3/13/2025,2.05,3.28,3.06,2.15,,
3/6/2025,2.05,3.38,3.13,2.15,,
2/27/2025,2.05,3.43,3.18,2.15,,
2/20/2025,2.05,3.43,3.18,2.15,,
2/13/2025,2.05,3.43,3.18,2.15,,
2/6/2025,2.05,3.43,3.18,2.15,,
1/30/2025,2.05,3.43,3.18,2.15,,
1/23/2025,2.05,3.43,3.13,2.15,,
1/16/2025,2.05,3.38,3.08,2.15,,
1/9/2025,2.05,3.33,3.03,2.15,,
1/2/2025,2.05,3.28,2.98,2.15,,
12/26/2024,2.05,3.25,2.95,2.15,,
12/19/2024,2.05,3.22,2.95,2.15,,
12/12/2024,2.05,3.19,2.95,2.15,,
12/5/2024,2.05,3.19,2.95,2.15,,
11/28/2024,2.05,3.19,2.95,2.15,,
11/21/2024,2.05,3.19,2.95,2.15,,
11/14/2024,2.05,3.19,2.95,2.15,,
11/7/2024,2.05,3.19,2.95,2.15,,
10/31/2024,2.05,3.19,2.95,2.15,,
10/24/2024,2.05,3.19,2.95,2.15,,
10/17/2024,2.05,3.19,2.95,2.15,,
10/10/2024,2.05,3.19,2.95,2.15,,
10/3/2024,2.05,3.19,2.95,2.15,,
9/26/2024,2.05,3.19,2.95,2.15,,
9/19/2024,2.05,3.19,2.95,2.15,,
9/12/2024,2.05,3.25,3.01,2.15,,
9/5/2024,2.05,3.4,3.16,2.15,,
8/29/2024,2.05,3.42,3.18,2.15,,
8/22/2024,2.05,3.47,3.23,2.15,,
8/15/2024,2.05,3.47,3.25,2.15,,
8/8/2024,2.05,3.47,3.3,2.15,,
8/1/2024,2.05,3.47,3.35,2.15,,
7/25/2024,2.05,3.47,3.35,2.15,,
7/18/2024,2.05,3.47,3.35,2.15,,
7/11/2024,2.05,3.47,3.35,2.15,,
7/4/2024,2.05,3.47,3.35,2.15,,
6/27/2024,2.05,3.47,3.35,2.15,,
6/20/2024,2.05,3.47,3.35,2.15,,
6/13/2024,2.05,3.47,3.35,2.15,,
6/10/2024,2.05,3.47,3.35,2.15,,
6/6/2024,2.05,3.47,2.15,2.15,,
5/30/2024,2.05,3.47,2.15,2.15,,
5/23/2024,2.05,3.47,2.15,2.15,,
5/16/2024,2.05,3.47,2.15,2.15,,
5/9/2024,2.05,3.47,2.15,2.15,,
5/2/2024,2.05,3.47,2.15,2.15,,
4/25/2024,2.05,3.47,2.15,2.15,,
4/18/2024,2.05,3.47,2.15,2.15,,
4/11/2024,2.05,3.47,2.15,2.15,,
4/4/2024,2.05,3.47,2.15,2.15,,
3/28/2024,2.05,3.47,2.15,2.15,,
3/21/2024,2.05,3.47,2.15,2.15,,
3/14/2024,2.05,3.47,2.15,2.15,,
3/7/2024,2.05,3.47,2.15,2.15,,
2/29/2024,2.05,3.47,2.15,2.15,,
2/22/2024,2.05,3.47,2.15,2.15,,
2/15/2024,2.05,3.47,2.15,2.15,,
2/8/2024,2.05,3.47,2.15,2.15,,
2/1/2024,2.05,3.47,2.15,2.15,,
1/25/2024,2.05,3.47,2.15,2.15,,
1/18/2024,2.05,3.47,2.15,2.15,,
1/11/2024,2.05,3.47,2.15,2.15,,
1/4/2024,2.05,3.47,2.15,2.15,,
12/28/2023,2.05,3.47,2.15,2.15,,
12/21/2023,2.05,3.47,2.15,2.15,,
12/14/2023,2.05,3.47,2.15,2.15,,
12/7/2023,2.05,3.47,2.15,2.15,,
11/30/2023,2.05,3.47,2.15,2.15,,
11/23/2023,2.05,3.47,2.15,2.15,,
11/16/2023,2.05,3.47,2.15,2.15,,
11/9/2023,2.05,3.47,2.15,2.15,,
11/2/2023,2.05,3.47,2.15,2.15,,
10/26/2023,2.05,3.47,2.15,2.15,,
10/19/2023,2.05,3.47,2.15,2.15,,
10/12/2023,2.05,3.37,2.15,2.15,,
10/5/2023,2.05,3.37,2.15,2.15,,
9/28/2023,2.05,3.37,2.15,2.15,,
9/21/2023,2.05,3.37,2.15,2.15,,
9/14/2023,2.05,3.37,2.15,2.15,,
9/7/2023,2.05,3.37,2.15,2.15,,
8/31/2023,2.05,3.37,2.15,2.15,,
8/24/2023,2.05,3.37,2.15,2.15,,
8/17/2023,2.05,3.37,2.15,2.15,,
8/10/2023,2.05,3.37,2.15,2.15,,
8/3/2023,2.05,3.37,2.15,2.15,,
7/27/2023,2.05,3.37,2.15,2.15,,
7/20/2023,2.05,3.37,2.15,2.15,,
7/13/2023,2.05,3.37,2.15,2.15,,
7/6/2023,2.05,3.37,2.15,2.15,,
6/29/2023,2.05,3.37,2.15,2.15,,
6/22/2023,2.05,3.37,2.15,2.15,,
6/15/2023,2.05,3.37,2.15,2.15,,
6/8/2023,2.05,3.37,2.15,2.15,,
6/1/2023,2.05,3.37,2.15,2.15,,
5/25/2023,2.05,3.35,2.15,2.15,,
5/18/2023,2.05,3.35,2.15,2.15,,
5/11/2023,2.05,3.35,2.15,2.15,,
5/4/2023,2.05,3.35,2.15,2.15,,
4/27/2023,2.05,3.35,2.15,2.15,,
4/20/2023,2.05,3.35,2.15,2.15,,
4/13/2023,2.05,3.35,2.15,2.15,,
4/6/2023,2.05,3.35,2.15,2.15,,
3/30/2023,2.05,3.35,2.15,2.15,,
3/23/2023,2.05,3.35,2.15,2.15,,
3/16/2023,2.05,3.35,2.15,2.15,,
3/9/2023,2.05,3.35,2.15,2.15,,
3/2/2023,2.05,3.35,2.15,2.15,,
2/23/2023,2.05,3.35,2.15,2.15,,
2/16/2023,2.05,3.35,2.15,2.15,,
2/9/2023,2.05,3.35,2.15,2.15,,
2/2/2023,2.05,3.35,2.15,2.15,,
1/26/2023,2.05,3.35,2.15,2.15,,
1/19/2023,2.05,3.35,2.15,2.15,,
1/12/2023,2.05,3.35,2.15,2.15,,
1/5/2023,2.05,3.35,2.15,2.15,,
12/29/2022,2.05,3.35,2.15,2.15,,
12/22/2022,2.05,3.35,2.15,2.15,,
12/15/2022,2.05,3.55,2.15,2.15,,
12/8/2022,2.05,3.75,2.15,2.15,,
12/1/2022,2.05,3.85,2.15,2.15,,
11/24/2022,2.05,3.95,2.15,2.15,,
11/17/2022,2.05,3.95,2.15,2.15,,
11/10/2022,2.05,3.95,2.15,2.15,,
11/3/2022,2.05,3.95,2.15,2.15,,
10/27/2022,2.05,3.95,2.15,2.15,,
10/20/2022,2.05,3.95,2.15,2.15,,
10/13/2022,2.05,3.95,2.15,2.15,,
10/6/2022,2.05,3.95,2.15,2.15,,
9/29/2022,2.05,4,2.15,2.15,,
9/22/2022,2.05,4.05,2.15,2.15,,
9/14/2022,2.05,4.15,2.15,2.15,,
9/8/2022,2.05,4.2,2.15,2.15,,
9/1/2022,2.05,4.3,2.15,2.15,,
8/25/2022,2.05,4.3,2.15,2.15,,
8/18/2022,2.05,4.35,2.15,2.15,,
8/11/2022,2.05,4.4,2.15,2.15,,
8/4/2022,2.05,4.5,2.15,2.15,,
7/28/2022,2.05,4.55,2.15,2.15,,
7/21/2022,2.05,4.65,2.15,2.15,,
7/14/2022,2.05,4.75,2.15,2.15,,
7/7/2022,2.05,4.8,2.15,2.15,,
6/30/2022,2.05,4.84,2.15,2.15,,
6/23/2022,2.05,4.84,2.15,2.15,,
6/16/2022,2.05,4.83,2.15,2.15,,
6/9/2022,2.05,4.72,2.15,2.15,,
6/2/2022,2.05,4.7,2.15,2.15,,
5/26/2022,2.05,4.7,2.15,2.15,,
5/19/2022,2.05,4.33,2.15,2.15,,
5/12/2022,2.05,4.31,2.15,2.15,,
5/5/2022,2.05,3.94,2.15,2.15,,
4/28/2022,2.05,3.94,2.15,2.15,,
4/21/2022,2.05,3.81,2.15,2.15,,
4/14/2022,2.05,3.81,2.15,2.15,,
4/7/2022,2.05,3.81,2.15,2.15,,
3/31/2022,2.05,3.91,2.15,2.15,,
3/24/2022,2.05,3.83,2.15,2.15,,
3/17/2022,2.05,4,2.15,2.15,,
3/10/2022,2.05,3.75,2.15,2.15,,
3/3/2022,2.05,3.45,2.15,2.15,,
2/24/2022,2.05,3.29,2.15,2.15,,
2/17/2022,2.05,3.27,2.15,2.15,,
2/10/2022,2.05,3.21,2.15,2.15,,
2/3/2022,2.05,3.12,2.15,2.15,,
1/27/2022,2.05,3.12,2.15,2.15,,
1/20/2022,2.05,3.07,2.15,2.15,,
1/13/2022,2.05,3.07,2.15,2.15,,
1/6/2022,2.05,3.03,2.15,2.15,,
12/30/2021,2.05,3,2.15,2.15,,
12/23/2021,2.05,2.99,2.15,2.15,,
12/16/2021,2.05,3,2.15,2.15,,
12/9/2021,2.05,2.99,2.15,2.15,,
12/2/2021,2.05,3.02,2.15,2.15,,
11/25/2021,2.05,3.05,2.15,2.15,,
11/18/2021,2.05,3.08,2.15,2.15,,
11/11/2021,2.05,3.08,2.15,2.15,,
11/4/2021,2.05,3.06,2.15,2.15,,
10/28/2021,2.05,2.97,2.15,2.15,,
10/21/2021,2.05,2.87,2.15,2.15,,
10/14/2021,2.05,2.87,2.15,2.15,,
10/7/2021,2.05,2.77,2.15,2.15,,
9/30/2021,2.05,2.76,2.15,2.15,,
9/23/2021,2.05,2.75,2.15,2.15,,
9/16/2021,2.05,2.73,2.15,2.15,,
9/9/2021,2.05,2.73,2.15,2.15,,
9/2/2021,2.05,2.72,2.15,2.15,,
8/26/2021,2.05,2.72,2.15,2.15,,
8/19/2021,2.05,2.74,2.15,2.15,,
8/12/2021,2.05,2.74,2.15,2.15,,
8/5/2021,2.05,2.74,2.15,2.15,,
7/28/2021,2.05,2.74,2.15,2.15,,
7/22/2021,2.05,2.73,2.15,2.15,,
7/15/2021,2.05,2.73,2.15,2.15,,
7/8/2021,2.05,2.7,2.15,2.15,,
7/1/2021,2.05,2.69,2.15,2.15,,
6/24/2021,2.05,2.67,2.15,2.15,,
6/17/2021,2.05,2.67,2.15,2.15,,
6/10/2021,2.05,2.65,2.15,2.15,,
6/3/2021,2.05,2.63,2.15,2.15,,
5/27/2021,2.05,2.61,2.15,2.15,,
5/20/2021,2.05,2.61,2.15,2.15,,
5/13/2021,2.05,2.6,2.15,2.15,,
5/6/2021,2.05,2.6,2.15,2.15,,
4/29/2021,2.05,2.58,2.15,2.15,,
4/22/2021,2.05,2.58,2.15,2.15,,
4/15/2021,2.05,2.54,2.15,2.15,,
4/8/2021,2.05,2.54,2.15,2.15,,
4/1/2021,2.05,2.52,2.15,2.15,,
3/25/2021,2.05,2.5,2.15,2.15,,
3/18/2021,2.05,2.47,2.15,2.15,,
3/11/2021,2.05,2.4,2.15,2.15,,
3/4/2021,2.05,2.35,2.15,2.15,,
2/27/2021,2.05,2.35,2.15,2.15,,
2/20/2021,2,2.3,2.15,2.15,,
2/13/2021,1.96,2.26,2.15,2.15,,
2/6/2021,1.93,2.23,2.11,2.11,,
1/30/2021,1.9,2.2,2.07,2.07,,
1/23/2021,1.9,2.2,2.09,2.09,,
1/16/2021,1.89,2.19,2.05,2.05,,
1/9/2021,1.84,2.14,2.02,2.02,,
1/2/2021,1.84,2.14,2.01,2.01,,
12/26/2020,1.8,2.1,1.98,1.98,,
12/19/2020,1.78,2.08,1.96,1.96,,
12/12/2020,1.73,2.03,1.93,1.93,,
12/5/2020,1.7,2,1.9,1.9,,
11/28/2020,1.67,1.97,1.85,1.85,,
11/21/2020,1.64,1.94,1.81,1.81,,
11/14/2020,1.62,1.92,1.74,1.74,,
11/7/2020,1.61,1.91,1.68,1.68,,
10/31/2020,1.64,1.94,1.74,1.74,,
10/24/2020,1.64,1.94,1.74,1.74,,
10/17/2020,1.68,1.98,1.74,1.74,,
10/10/2020,1.67,1.97,1.69,1.69,,
10/3/2020,1.71,2.01,1.7,1.7,,
9/26/2020,1.68,1.98,1.71,1.71,,
9/19/2020,1.63,1.93,1.67,1.67,,
9/12/2020,1.66,1.96,1.72,1.72,,
9/5/2020,1.71,2.01,1.78,1.78,,
8/29/2020,1.72,2.02,1.78,1.78,,
8/22/2020,1.71,2.01,1.8,1.8,,
8/15/2020,1.68,1.98,1.82,1.82,,
8/8/2020,1.63,1.93,1.79,1.79,,
8/1/2020,1.68,1.98,1.83,1.83,,
7/25/2020,1.68,1.98,1.82,1.82,,
7/18/2020,1.72,2.02,1.87,1.87,,
7/11/2020,1.72,2.02,1.87,1.87,,
7/4/2020,1.65,1.95,1.84,1.84,,
6/27/2020,1.69,1.99,1.86,1.86,,
6/20/2020,1.59,1.89,1.77,1.77,,
6/13/2020,1.56,1.86,1.73,1.73,,
6/6/2020,1.48,1.78,1.63,1.63,,
5/30/2020,1.43,1.73,1.61,1.61,,
5/23/2020,1.38,1.68,1.51,1.51,,
5/16/2020,1.31,1.61,1.45,1.45,,
5/9/2020,1.25,1.55,1.4,1.4,,
5/2/2020,1.25,1.55,1.4,1.4,,
4/25/2020,1.25,1.55,1.4,1.4,,
4/18/2020,1.25,1.55,1.43,1.43,,
4/11/2020,1.25,1.55,1.46,1.46,,
4/4/2020,1.3,1.6,1.58,1.58,,
3/28/2020,1.38,1.68,1.68,1.68,,
3/21/2020,1.44,1.74,1.75,1.75,,
3/14/2020,1.82,2.1,1.87,1.87,,
3/7/2020,1.89,2.19,1.96,1.96,,
2/29/2020,2.08,2.4,2.13,2.13,,
2/22/2020,2.08,2.38,2.14,2.14,,
2/15/2020,2.06,2.36,2.14,2.14,,
2/8/2020,2.04,2.34,2.08,2.08,,
2/1/2020,2.08,2.41,2.18,2.18,,
1/25/2020,2.08,2.49,2.18,2.18,,
1/18/2020,2.08,2.53,2.18,2.18,,
1/11/2020,2.08,2.62,2.18,2.18,,
1/4/2020,2.08,2.65,2.18,2.18,,
12/28/2019,2.08,2.63,2.18,2.18,,
12/21/2019,2.08,2.58,2.18,2.18,,
12/14/2019,2.08,2.64,2.18,2.18,,
12/7/2019,2.08,2.64,2.18,2.18,,
11/30/2019,2.08,2.66,2.18,2.18,,
11/23/2019,2.08,2.66,2.18,2.18,,
11/16/2019,2.08,2.7,2.18,2.18,,
11/9/2019,2.08,2.57,2.18,2.18,,
11/2/2019,2.08,2.56,2.18,2.18,,
10/26/2019,2.08,2.59,2.18,2.18,,
10/19/2019,2.08,2.68,2.18,2.18,,
10/12/2019,2.08,2.67,2.18,2.18,,
10/5/2019,2.08,2.6,2.18,2.18,,
9/28/2019,2.08,2.79,2.18,2.18,,
9/21/2019,2.08,2.67,2.18,2.18,,
9/14/2019,2.08,2.53,2.18,2.18,,
9/7/2019,2.08,2.5,2.18,2.18,,
8/31/2019,2.08,2.5,2.18,2.18,,
8/24/2019,2.08,2.51,2.18,2.18,,
8/17/2019,2.08,2.49,2.18,2.18,,
8/10/2019,2.08,2.49,2.18,2.18,,
8/3/2019,2.08,2.54,2.18,2.18,,
7/27/2019,2.08,2.56,2.18,2.18,,
7/20/2019,2.08,2.67,2.18,2.18,,
7/13/2019,2.08,2.57,2.18,2.18,,
7/6/2019,2.08,2.53,2.18,2.18,,
6/29/2019,2.08,2.49,2.18,2.18,,
6/22/2019,2.08,2.38,2.18,2.18,,
6/15/2019,2.08,2.41,2.18,2.18,,
6/1/2019,2.08,2.63,2.18,2.18,,
5/25/2019,2.08,2.76,2.18,2.18,,
5/18/2019,2.08,2.68,2.18,2.18,,
5/11/2019,2.08,2.7,2.18,2.18,,
5/4/2019,2.08,2.8,2.18,2.18,,
4/27/2019,2.08,2.81,2.18,2.18,,
4/20/2019,2.08,2.8,2.18,2.18,,
4/13/2019,2.08,2.68,2.18,2.18,,
4/6/2019,2.08,2.63,2.18,2.18,,
3/30/2019,2.08,2.63,2.18,2.18,,
3/23/2019,2.08,2.61,2.18,2.18,,
3/16/2019,2.08,2.54,2.18,2.18,,
3/9/2019,2.08,2.46,2.18,2.18,,
3/2/2019,2.08,2.43,2.18,2.18,,
2/23/2019,2.08,2.38,2.18,2.18,,
2/16/2019,1.98,2.28,2.18,2.18,,
2/9/2019,1.97,2.27,2.18,2.18,,
2/2/2019,1.93,2.23,2.18,2.18,,
1/26/2019,1.98,2.28,2.18,2.18,,
1/19/2019,1.98,2.28,2.17,2.17,,
1/12/2019,1.92,2.22,2.05,2.05,,
1/5/2019,1.93,2.23,2.04,2.04,,
1/1/2019,2.2,2.5,2.18,2.18,,
12/1/2018,2.2,2.5,2.18,2.18,,
11/1/2018,2.2,2.81,2.18,2.18,,
10/1/2018,2.2,2.79,2.18,2.18,,
8/30/2018,2.2,2.69,2.18,2.18,,
8/23/2018,2.2,2.65,2.18,2.18,,
8/16/2018,2.2,2.65,2.18,2.18,,
8/9/2018,2.2,2.61,2.18,2.18,,
8/2/2018,2.2,2.64,2.18,2.18,,
7/26/2018,2.2,2.54,2.18,2.18,,
7/19/2018,2.2,2.56,2.18,2.18,,
7/12/2018,2.2,2.59,2.18,2.18,,
7/5/2018,2.2,2.58,2.18,2.18,,
6/28/2018,2.2,2.5,2.18,2.18,,
6/21/2018,2.2,2.59,2.18,2.18,,
6/14/2018,2.2,2.6,2.18,2.18,,
6/7/2018,2.2,2.66,2.18,2.18,,
5/10/2018,2.2,2.47,2.18,2.18,,
5/3/2018,2.2,2.47,2.18,2.18,,
4/26/2018,2.2,2.47,2.18,2.18,,
4/19/2018,2.2,2.47,2.18,2.18,,
4/12/2018,2.2,2.47,2.18,2.18,,
4/5/2018,2.2,2.47,2.18,2.18,,
3/29/2018,2.2,2.47,2.18,2.18,,
3/22/2018,2.2,2.47,2.18,2.18,,
3/15/2018,2.18,2.45,2.16,2.16,,
3/8/2018,2.21,2.47,2.17,2.17,,
3/1/2018,2.2,2.47,2.18,2.18,,
2/22/2018,2.17,2.43,2.13,2.13,,
2/15/2018,2.23,2.5,2.19,2.19,,
2/8/2018,2.33,2.61,2.31,2.31,,
2/1/2018,2.31,2.58,2.34,2.34,,
1/25/2018,2.29,2.56,2.31,2.31,,
1/18/2018,2.3,2.57,2.32,2.32,,
1/11/2018,2.26,2.53,2.32,2.32,,
1/4/2018,2.29,2.56,2.32,2.32,,
12/28/2017,2.26,2.53,2.26,2.26,,
12/21/2017,2.27,2.54,2.23,2.23,,
12/14/2017,2.25,2.52,2.2,2.2,,
12/7/2017,2.29,2.57,2.21,2.21,,
11/30/2017,2.3,2.58,2.25,2.25,,
11/23/2017,2.3,2.58,2.23,2.23,,
11/16/2017,2.38,2.66,2.25,2.25,,
11/9/2017,2.31,2.6,2.2,2.2,,
11/2/2017,2.24,2.54,2.17,2.17,,
10/26/2017,2.2,2.5,2.13,2.13,,
10/19/2017,2.17,2.47,2.11,2.11,,
10/12/2017,2.16,2.46,2.1,2.1,,
10/5/2017,2.19,2.49,2.17,2.17,,
9/28/2017,2.16,2.46,2.12,2.12,,
9/21/2017,2.19,2.49,2.1,2.1,,
9/14/2017,2.21,2.52,2.14,2.14,,
9/7/2017,2.2,2.48,2.05,2.05,,
8/31/2017,2.16,2.44,2.04,2.04,,
8/24/2017,2.15,2.43,2.01,2.01,,
8/17/2017,2.15,2.43,2.04,2.04,,
8/10/2017,2.12,2.39,2.06,2.06,,
8/3/2017,2.07,2.32,2.05,2.05,,
7/27/2017,2.03,2.28,1.99,1.99,,
7/20/2017,1.97,2.22,1.96,1.96,,
7/13/2017,1.97,2.22,1.96,1.96,,
7/6/2017,1.93,2.19,1.91,1.91,,
6/29/2017,1.89,2.15,1.84,1.84,,
6/22/2017,1.91,2.17,1.88,1.88,,
6/15/2017,1.98,2.24,1.88,1.88,,
6/8/2017,2.05,2.31,1.94,1.94,,
6/1/2017,2.1,2.38,2.02,2.02,,
5/25/2017,2.12,2.4,2.03,2.03,,
5/18/2017,2.08,2.36,1.99,1.99,,
5/11/2017,2.01,2.29,1.95,1.95,,
5/4/2017,2.11,2.39,2.08,2.08,,
4/27/2017,2.21,2.49,2.14,2.14,,
4/20/2017,2.27,2.54,2.21,2.21,,
4/13/2017,2.24,2.52,2.16,2.16,,
4/6/2017,2.16,2.43,2.08,2.08,,
3/30/2017,2.13,2.41,2.11,2.11,,
,,,,,,
,,,,,,
,,,,,,
,,,,,,
,,,,,,
,,,,,,
,,,,,,
,,,,,,
,,,,,,
,,,,,,
,,,,,,
,,,,,,
,,,,,,
,,,,,,
,,,,,,
,,,,,,
,,,,,,
,,,,,,
,,,,,,
,,,,,,
,,,,,,
,,,,,,
,,,,,,
,,,,,,
,,,,,,
,,,,,,
,,,,,,
,,,,,,
,,,,,,
,,,,,,
,,,,,,
,,,,,,
,,,,,,
,,,,,,
,,,,,,
,,,,,,
,,,,,,
,,,,,,
,,,,,,
,,,,,,
,,,,,,
,,,,,,
,,,,,,
,,,,,,
,,,,,,
,,,,,,
,,,,,,
,,,,,,
,,,,,,
,,,,,,
,,,,,,
,,,,,,
,,,,,,
,,,,,,
,,,,,,
,,,,,,
,,,,,,
,,,,,,
,,,,,,
,,,,,,
,,,,,,
,,,,,,
,,,,,,
,,,,,,
,,,,,,
,,,,,,
,,,,,,
,,,,,,
,,,,,,
,,,,,,
,,,,,,
,,,,,,
,,,,,,
,,,,,,
,,,,,,
,,,,,,
,,,,,,
,,,,,,
,,,,,,
,,,,,,
,,,,,,
,,,,,,
,,,,,,
,,,,,,
,,,,,,
,,,,,,
,,,,,,
,,,,,,
,,,,,,
,,,,,,
,,,,,,
,,,,,,
,,,,,,
,,,,,,
,,,,,,
,,,,,,
,,,,,,
,,,,,,
,,,,,,
,,,,,,
,,,,,,
,,,,,,
,,,,,,
,,,,,,
,,,,,,
,,,,,,
,,,,,,
,,,,,,
,,,,,,
,,,,,,
,,,,,,
,,,,,,
,,,,,,
,,,,,,
,,,,,,
,,,,,,
,,,,,,
,,,,,,
,,,,,,
,,,,,,
,,,,,,
,,,,,,
,,,,,,
,,,,,,
,,,,,,
,,,,,,
,,,,,,
,,,,,,
,,,,,,
,,,,,,
,,,,,,
,,,,,,
,,,,,,
,,,,,,
,,,,,,
,,,,,,
,,,,,,
,,,,,,
,,,,,,
,,,,,,
,,,,,,
,,,,,,
,,,,,,
,,,,,,
,,,,,,
,,,,,,
,,,,,,
,,,,,,
,,,,,,
,,,,,,
,,,,,,
,,,,,,
,,,,,,
,,,,,,
,,,,,,
,,,,,,
,,,,,,
,,,,,,
,,,,,,
,,,,,,
,,,,,,
,,,,,,
,,,,,,
,,,,,,
,,,,,,
,,,,,,
,,,,,,
,,,,,,
,,,,,,
,,,,,,
,,,,,,
,,,,,,
,,,,,,
,,,,,,
,,,,,,
,,,,,,
,,,,,,
,,,,,,
,,,,,,
,,,,,,
,,,,,,
,,,,,,
,,,,,,
,,,,,,
,,,,,,
,,,,,,
,,,,,,
,,,,,,
,,,,,,
,,,,,,
,,,,,,
,,,,,,
,,,,,,
,,,,,,
,,,,,,
,,,,,,
,,,,,,
,,,,,,
,,,,,,
,,,,,,
,,,,,,
,,,,,,
,,,,,,
,,,,,,
,,,,,,
,,,,,,
,,,,,,
,,,,,,
,,,,,,
,,,,,,
,,,,,,
,,,,,,
,,,,,,
,,,,,,
,,,,,,
,,,,,,
,,,,,,
,,,,,,
,,,,,,
,,,,,,
,,,,,,
,,,,,,
,,,,,,
,,,,,,
,,,,,,
,,,,,,
,,,,,,
,,,,,,
,,,,,,
,,,,,,
,,,,,,
,,,,,,
,,,,,,
,,,,,,
,,,,,,
,,,,,,
,,,,,,
,,,,,,
,,,,,,
,,,,,,
,,,,,,
,,,,,,
,,,,,,
,,,,,,
,,,,,,
,,,,,,
,,,,,,
,,,,,,
,,,,,,
,,,,,,
,,,,,,
,,,,,,
,,,,,,
,,,,,,
,,,,,,
,,,,,,
,,,,,,
,,,,,,
,,,,,,
,,,,,,
,,,,,,
,,,,,,
,,,,,,
,,,,,,
,,,,,,
,,,,,,
,,,,,,
,,,,,,
,,,,,,
,,,,,,
,,,,,,
,,,,,,
,,,,,,
,,,,,,
,,,,,,
,,,,,,
,,,,,,
,,,,,,
,,,,,,
,,,,,,
,,,,,,
,,,,,,
,,,,,,
,,,,,,
,,,,,,
,,,,,,
,,,,,,
,,,,,,
,,,,,,
,,,,,,
,,,,,,
,,,,,,
,,,,,,
,,,,,,
,,,,,,
,,,,,,
,,,,,,
,,,,,,
,,,,,,
,,,,,,
,,,,,,
,,,,,,
,,,,,,
,,,,,,
,,,,,,
,,,,,,
,,,,,,
,,,,,,
,,,,,,
,,,,,,
,,,,,,
,,,,,,
,,,,,,
,,,,,,
,,,,,,
,,,,,,
,,,,,,
,,,,,,
,,,,,,
,,,,,,
,,,,,,
,,,,,,
,,,,,,
,,,,,,
,,,,,,
,,,,,,
,,,,,,
,,,,,,
,,,,,,
,,,,,,
,,,,,,
,,,,,,
,,,,,,
,,,,,,
,,,,,,
,,,,,,
,,,,,,
,,,,,,
,,,,,,
,,,,,,
,,,,,,
,,,,,,
,,,,,,
,,,,,,
,,,,,,
,,,,,,
,,,,,,
,,,,,,
,,,,,,
,,,,,,
,,,,,,
,,,,,,
,,,,,,
,,,,,,
,,,,,,
,,,,,,
,,,,,,
,,,,,,
,,,,,,
,,,,,,
,,,,,,
,,,,,,
,,,,,,
,,,,,,
,,,,,,
,,,,,,
,,,,,,
,,,,,,
,,,,,,
,,,,,,
,,,,,,
,,,,,,
,,,,,,
,,,,,,
,,,,,,
,,,,,,
,,,,,,
,,,,,,
,,,,,,
,,,,,,
,,,,,,
,,,,,,
,,,,,,
,,,,,,
,,,,,,
,,,,,,
,,,,,,
,,,,,,
,,,,,,
,,,,,,
,,,,,,
,,,,,,
,,,,,,
,,,,,,
,,,,,,
,,,,,,
,,,,,,
,,,,,,
,,,,,,
,,,,,,
,,,,,,
,,,,,,
,,,,,,
,,,,,,
,,,,,,
,,,,,,
,,,,,,
,,,,,,
,,,,,,
,,,,,,
,,,,,,
,,,,,,
,,,,,,
,,,,,,
,,,,,,
,,,,,,
,,,,,,
,,,,,,
,,,,,,
,,,,,,
,,,,,,
,,,,,,
,,,,,,
,,,,,,
,,,,,,
,,,,,,
,,,,,,
,,,,,,
,,,,,,
,,,,,,
,,,,,,
,,,,,,
,,,,,,
,,,,,,
,,,,,,
,,,,,,
,,,,,,
,,,,,,
,,,,,,
,,,,,,
,,,,,,
