target,model,horizon,origin,y_true,y_pred,lo95,hi95
ron97,"ARIMA(1, 1, 1)",1,2024-01-31,3.47,3.4895957925407597,3.1797618058708967,3.7994297792106226
ron97,"ARIMAX(1, 1, 1)",1,2024-01-31,3.47,3.5479988474214883,3.308539585073529,3.7874581097694477
ron97,"ETS(add,add,None)",1,2024-01-31,3.47,3.4873787972958836,,
ron97,"ARIMA(1, 1, 1)",3,2024-01-31,3.47,3.5637766862718236,2.80330989862832,4.3242434739153275
ron97,"ARIMAX(1, 1, 1)",3,2024-01-31,3.47,3.709996736554676,3.13933317625425,4.280660296855102
ron97,"ETS(add,add,None)",3,2024-01-31,3.47,3.5221281437994523,,
ron97,"ARIMA(1, 1, 1)",6,2024-01-31,3.47,3.6864422018869774,2.4946794117944284,4.878204991979526
ron97,"ARIMAX(1, 1, 1)",6,2024-01-31,3.47,3.7442464674353957,2.8781431311054573,4.610349803765334
ron97,"ETS(add,add,None)",6,2024-01-31,3.47,3.5742521635548052,,
ron97,"ARIMA(1, 1, 1)",1,2024-02-29,3.47,3.4944655441191554,3.1879654102575294,3.8009656779807814
ron97,"ARIMAX(1, 1, 1)",1,2024-02-29,3.47,3.538762526419407,3.300893947342162,3.776631105496652
ron97,"ETS(add,add,None)",1,2024-02-29,3.47,3.4773062265635595,,
ron97,"ARIMA(1, 1, 1)",3,2024-02-29,3.47,3.569293904048049,2.816803617113287,4.321784190982811
ron97,"ARIMAX(1, 1, 1)",3,2024-02-29,3.47,3.6841564261545896,3.118599104752829,4.24971374755635
ron97,"ETS(add,add,None)",3,2024-02-29,3.47,3.4919152060540766,,
ron97,"ARIMA(1, 1, 1)",6,2024-02-29,3.47,3.6899651416777797,2.5106645163516177,4.869265767003942
ron97,"ARIMAX(1, 1, 1)",6,2024-02-29,3.47,3.6438301367969195,2.7871653852907365,4.500494888303102
ron97,"ETS(add,add,None)",6,2024-02-29,3.47,3.513828675289852,,
ron97,"ARIMA(1, 1, 1)",1,2024-03-31,3.47,3.492771596979575,3.189467397820046,3.796075796139104
ron97,"ARIMAX(1, 1, 1)",1,2024-03-31,3.47,3.482498108873788,3.246401378906108,3.718594838841468
ron97,"ETS(add,add,None)",1,2024-03-31,3.47,3.473069468464533,,
ron97,"ARIMA(1, 1, 1)",3,2024-03-31,3.47,3.5654999039492252,2.820665797221183,4.310334010677268
ron97,"ARIMAX(1, 1, 1)",3,2024-03-31,3.47,3.490966952437509,2.9258208081255743,4.056113096749444
ron97,"ETS(add,add,None)",3,2024-03-31,3.47,3.4792069453182584,,
ron97,"ARIMA(1, 1, 1)",6,2024-03-31,3.46,3.6834863630279,2.5158613595272974,4.851111366528503
ron97,"ARIMAX(1, 1, 1)",6,2024-03-31,3.46,3.3605950016334742,2.5025149239190116,4.218675079347936
ron97,"ETS(add,add,None)",6,2024-03-31,3.46,3.488413160598846,,
ron97,"ARIMA(1, 1, 1)",1,2024-04-30,3.47,3.4925313989047524,3.19234335706115,3.7927194407483547
ron97,"ARIMAX(1, 1, 1)",1,2024-04-30,3.47,3.555963047427898,3.3223265904438666,3.789599504411929
ron97,"ETS(add,add,None)",1,2024-04-30,3.47,3.471289883440436,,
ron97,"ARIMA(1, 1, 1)",3,2024-04-30,3.47,3.5638298739344654,2.8263645414041383,4.3012952064647925
ron97,"ARIMAX(1, 1, 1)",3,2024-04-30,3.47,3.478295605589923,2.918619588492019,4.037971622687826
ron97,"ETS(add,add,None)",3,2024-04-30,3.47,3.4738690366624123,,
ron97,"ARIMA(1, 1, 1)",6,2024-04-30,3.2575,3.679421585242745,2.522903295571247,4.835939874914243
ron97,"ARIMAX(1, 1, 1)",6,2024-04-30,3.2575,3.193140379187014,2.3430393796945217,4.043241378679506
ron97,"ETS(add,add,None)",6,2024-04-30,3.2575,3.477737766495377,,
ron97,"ARIMA(1, 1, 1)",1,2024-05-31,3.47,3.4920179207312048,3.194839954253287,3.7891958872091225
ron97,"ARIMAX(1, 1, 1)",1,2024-05-31,3.47,3.3451358925986634,3.112726296030151,3.577545489167176
ron97,"ETS(add,add,None)",1,2024-05-31,3.47,3.4705421543371937,,
ron97,"ARIMA(1, 1, 1)",3,2024-05-31,3.47,3.5618474805136207,2.8317074664287816,4.29198749459846
ron97,"ARIMAX(1, 1, 1)",3,2024-05-31,3.47,3.3746271908086967,2.814556829273427,3.9346975523439665
ron97,"ETS(add,add,None)",3,2024-05-31,3.47,3.4716262050724733,,
ron97,"ARIMA(1, 1, 1)",6,2024-05-31,3.19,3.675073008134003,2.530121080991593,4.820024935276413
ron97,"ARIMAX(1, 1, 1)",6,2024-05-31,3.19,3.121567402972796,2.267959672391978,3.9751751335536136
ron97,"ETS(add,add,None)",6,2024-05-31,3.19,3.4732522811753928,,
ron97,"ARIMA(1, 1, 1)",1,2024-06-30,3.47,3.49157326427986,3.1973233511644055,3.7858231773953146
ron97,"ARIMAX(1, 1, 1)",1,2024-06-30,3.47,3.5323620124866815,3.2999669763792494,3.7647570485941135
ron97,"ETS(add,add,None)",1,2024-06-30,3.47,3.4702278973713008,,
ron97,"ARIMA(1, 1, 1)",3,2024-06-30,3.46,3.5599892141589935,2.836780310528766,4.283198117789221
ron97,"ARIMAX(1, 1, 1)",3,2024-06-30,3.46,3.4408684479213885,2.8811230082424566,4.00061388760032
ron97,"ETS(add,add,None)",3,2024-06-30,3.46,3.4706835836870016,,
ron97,"ARIMA(1, 1, 1)",6,2024-06-30,3.19,3.670983588877777,2.53644928562161,4.805517892133944
ron97,"ARIMAX(1, 1, 1)",6,2024-06-30,3.19,3.405816545064547,2.551812634937426,4.259820455191668
ron97,"ETS(add,add,None)",6,2024-06-30,3.19,3.471367113160553,,
ron97,"ARIMA(1, 1, 1)",1,2024-07-31,3.47,3.4911489517909193,3.1997344013449296,3.782563502236909
ron97,"ARIMAX(1, 1, 1)",1,2024-07-31,3.47,3.4831395254742934,3.2524256738344084,3.7138533771141784
ron97,"ETS(add,add,None)",1,2024-07-31,3.47,3.4700957943253012,,
ron97,"ARIMA(1, 1, 1)",3,2024-07-31,3.2575,3.558232340268323,2.8419389094987446,4.274525771037902
ron97,"ARIMAX(1, 1, 1)",3,2024-07-31,3.2575,3.220932756501691,2.6677365887415574,3.7741289242618246
ron97,"ETS(add,add,None)",3,2024-07-31,3.2575,3.4702873373992595,,
ron97,"ARIMA(1, 1, 1)",6,2024-07-31,3.2125,3.6670463282680323,2.5434709302891614,4.790621726246903
ron97,"ARIMAX(1, 1, 1)",6,2024-07-31,3.2125,3.3268320724145504,2.4828954270278314,4.17076871780127
ron97,"ETS(add,add,None)",6,2024-07-31,3.2125,3.470574652010197,,
ron97,"ARIMA(1, 1, 1)",1,2024-08-31,3.46,3.4907375523966455,3.202082588240514,3.779392516552777
ron97,"ARIMAX(1, 1, 1)",1,2024-08-31,3.46,3.3217044110130214,3.093181768065317,3.5502270539607257
ron97,"ETS(add,add,None)",1,2024-08-31,3.46,3.470040273932784,,
ron97,"ARIMA(1, 1, 1)",3,2024-08-31,3.19,3.5565282073565645,2.84689203162024,4.266164383092889
ron97,"ARIMAX(1, 1, 1)",3,2024-08-31,3.19,3.245558170783484,2.6975390849983794,3.793577256568589
ron97,"ETS(add,add,None)",3,2024-08-31,3.19,3.470120802637311,,
ron97,"ARIMA(1, 1, 1)",6,2024-08-31,3.37,3.6632650751019145,2.54998701277626,4.776543137427569
ron97,"ARIMAX(1, 1, 1)",6,2024-08-31,3.37,3.402149768984395,2.566470008414426,4.237829529554364
ron97,"ETS(add,add,None)",6,2024-08-31,3.37,3.4702415956941013,,
ron97,"ARIMA(1, 1, 1)",1,2024-09-30,3.2575,3.4750327718407417,3.1890004554225775,3.761065088258906
ron97,"ARIMAX(1, 1, 1)",1,2024-09-30,3.2575,3.4154367917089177,3.186887456004838,3.6439861274129974
ron97,"ETS(add,add,None)",1,2024-09-30,3.2575,3.4542228983824,,
ron97,"ARIMA(1, 1, 1)",3,2024-09-30,3.19,3.537019857676044,2.8336082316328928,4.240431483719195
ron97,"ARIMAX(1, 1, 1)",3,2024-09-30,3.19,3.490174337211962,2.9373599422322503,4.042988732191674
ron97,"ETS(add,add,None)",3,2024-09-30,3.19,3.4426666870944027,,
ron97,"ARIMA(1, 1, 1)",6,2024-09-30,3.43,3.6406084933401877,2.5368456885038935,4.744371298176482
ron97,"ARIMAX(1, 1, 1)",6,2024-09-30,3.43,3.5727541076597076,2.728959971049159,4.416548244270256
ron97,"ETS(add,add,None)",6,2024-09-30,3.43,3.4253323701624065,,
ron97,"ARIMA(1, 1, 1)",1,2024-10-31,3.19,3.170299299853434,2.8811550877715755,3.4594435119352926
ron97,"ARIMAX(1, 1, 1)",1,2024-10-31,3.19,3.234269675791989,3.0041719362027144,3.4643674153812634
ron97,"ETS(add,add,None)",1,2024-10-31,3.19,3.1372976618282684,,
ron97,"ARIMA(1, 1, 1)",3,2024-10-31,3.2125,3.1809600325218756,2.4676523193192836,3.8942677457244677
ron97,"ARIMAX(1, 1, 1)",3,2024-10-31,3.2125,3.2632258351078143,2.718322585209404,3.8081290850062244
ron97,"ETS(add,add,None)",3,2024-10-31,3.2125,2.8968536454557507,,
ron97,"ARIMA(1, 1, 1)",6,2024-10-31,3.305,3.260149428460378,2.1387596624210365,4.3815391944997195
ron97,"ARIMAX(1, 1, 1)",6,2024-10-31,3.305,3.276175689117381,2.451337905879372,4.10101347235539
ron97,"ETS(add,add,None)",6,2024-10-31,3.305,2.5361876208969742,,
ron97,"ARIMA(1, 1, 1)",1,2024-11-30,3.19,3.1938354320831777,2.9072960721139514,3.480374792052404
ron97,"ARIMAX(1, 1, 1)",1,2024-11-30,3.19,3.1744242068469113,2.9461595331499746,3.402688880543848
ron97,"ETS(add,add,None)",1,2024-11-30,3.19,3.1007981732414573,,
ron97,"ARIMA(1, 1, 1)",3,2024-11-30,3.37,3.2411641550247565,2.5358374929278185,3.9464908171216946
ron97,"ARIMAX(1, 1, 1)",3,2024-11-30,3.37,3.2855323026933325,2.741568898995007,3.829495706391658
ron97,"ETS(add,add,None)",3,2024-11-30,3.37,2.9224046199598015,,
ron97,"ARIMA(1, 1, 1)",6,2024-11-30,3.2425,3.3255239322253707,2.2178435669208754,4.433204297529866
ron97,"ARIMAX(1, 1, 1)",6,2024-11-30,3.2425,3.147393726585982,2.3230367579952507,3.9717506951767136
ron97,"ETS(add,add,None)",6,2024-11-30,3.2425,2.6548142900373177,,
ron97,"ARIMA(1, 1, 1)",1,2024-12-31,3.2125,3.2090677130127783,2.9250904622043903,3.4930449638211662
ron97,"ARIMAX(1, 1, 1)",1,2024-12-31,3.2125,3.2148939588140983,2.9886524691980876,3.441135448430109
ron97,"ETS(add,add,None)",1,2024-12-31,3.2125,3.1514575827466995,,
ron97,"ARIMA(1, 1, 1)",3,2024-12-31,3.43,3.2620931786620737,2.5629026109519892,3.961283746372158
ron97,"ARIMAX(1, 1, 1)",3,2024-12-31,3.43,3.2597155337324546,2.7214967502265406,3.7979343172383686
ron97,"ETS(add,add,None)",3,2024-12-31,3.43,3.0743905636927096,,
ron97,"ARIMA(1, 1, 1)",6,2024-12-31,3.1100000000000003,3.3466997952404256,2.2481131274154826,4.445286463065369
ron97,"ARIMAX(1, 1, 1)",6,2024-12-31,3.1100000000000003,3.137865748274313,2.3231259255602543,3.9526055709883714
ron97,"ETS(add,add,None)",6,2024-12-31,3.1100000000000003,2.9587900351117247,,
ron97,"ARIMA(1, 1, 1)",1,2025-01-31,3.37,3.2398603507320787,2.958382751155982,3.521337950308175
ron97,"ARIMAX(1, 1, 1)",1,2025-01-31,3.37,3.306507295002433,3.0822493062416356,3.5307652837632304
ron97,"ETS(add,add,None)",1,2025-01-31,3.37,3.2090359610634485,,
ron97,"ARIMA(1, 1, 1)",3,2025-01-31,3.305,3.2962870342671784,2.6032820635151817,3.989292005019175
ron97,"ARIMAX(1, 1, 1)",3,2025-01-31,3.305,3.2225204516660018,2.689050739538272,3.7559901637937316
ron97,"ETS(add,add,None)",3,2025-01-31,3.305,3.202120021302923,,
ron97,"ARIMA(1, 1, 1)",6,2025-01-31,3.1225,3.381506962639578,2.2927169020094125,4.470297023269744
ron97,"ARIMAX(1, 1, 1)",6,2025-01-31,3.1225,3.2251529015973466,2.4176160769981494,4.032689726196543
ron97,"ETS(add,add,None)",6,2025-01-31,3.1225,3.1917461116621344,,
ron97,"ARIMA(1, 1, 1)",1,2025-02-28,3.43,3.4671392936649355,3.1861317319422446,3.7481468553876263
ron97,"ARIMAX(1, 1, 1)",1,2025-02-28,3.43,3.35067370576402,3.1277944623312153,3.573552949196825
ron97,"ETS(add,add,None)",1,2025-02-28,3.43,3.461784420086769,,
ron97,"ARIMA(1, 1, 1)",3,2025-02-28,3.2425,3.556931420943572,2.864745153850061,4.249117688037083
ron97,"ARIMAX(1, 1, 1)",3,2025-02-28,3.2425,3.269341170079068,2.740079324838102,3.798603015320034
ron97,"ETS(add,add,None)",3,2025-02-28,3.2425,3.645385160225684,,
ron97,"ARIMA(1, 1, 1)",6,2025-02-28,3.19,3.6562739876407293,2.5688971860469003,4.743650789234558
ron97,"ARIMAX(1, 1, 1)",6,2025-02-28,3.19,3.345130972845379,2.544778938844111,4.145483006846647
ron97,"ETS(add,add,None)",6,2025-02-28,3.19,3.920786270434056,,
ron97,"ARIMA(1, 1, 1)",1,2025-03-31,3.305,3.462067553452341,3.1832937763722744,3.7408413305324077
ron97,"ARIMAX(1, 1, 1)",1,2025-03-31,3.305,3.4430047459453315,3.221136797677572,3.664872694213091
ron97,"ETS(add,add,None)",1,2025-03-31,3.305,3.502780298909459,,
ron97,"ARIMA(1, 1, 1)",3,2025-03-31,3.1100000000000003,3.5247542435372323,2.839756239393266,4.209752247681199
ron97,"ARIMAX(1, 1, 1)",3,2025-03-31,3.1100000000000003,3.370667257392712,2.839083607347961,3.9022509074374634
ron97,"ETS(add,add,None)",3,2025-03-31,3.1100000000000003,3.64833479756606,,
ron97,"ARIMA(1, 1, 1)",6,2025-03-31,3.1475,3.618298757233072,2.5432008969915443,4.693396617474599
ron97,"ARIMAX(1, 1, 1)",6,2025-03-31,3.1475,3.4536644351333554,2.6467429256656465,4.260585944601065
ron97,"ETS(add,add,None)",6,2025-03-31,3.1475,3.8666665455509617,,
ron97,"ARIMA(1, 1, 1)",1,2025-04-30,3.2425,3.253619970978914,2.9744281201254106,3.532811821832418
ron97,"ARIMAX(1, 1, 1)",1,2025-04-30,3.2425,3.189893528152246,2.967216289541424,3.4125707667630683
ron97,"ETS(add,add,None)",1,2025-04-30,3.2425,3.264834145784401,,
ron97,"ARIMA(1, 1, 1)",3,2025-04-30,3.1225,3.2799779318081015,2.595192309400044,3.964763554216159
ron97,"ARIMAX(1, 1, 1)",3,2025-04-30,3.1225,3.242128705588221,2.7158063731117466,3.768451038064695
ron97,"ETS(add,add,None)",3,2025-04-30,3.1225,3.184463012372814,,
ron97,"ARIMA(1, 1, 1)",6,2025-04-30,3.194,3.357570914545135,2.2889313601650647,4.4262104689252055
ron97,"ARIMAX(1, 1, 1)",6,2025-04-30,3.194,3.2212278877632095,2.4273458462355024,4.015109929290916
ron97,"ETS(add,add,None)",6,2025-04-30,3.194,3.0639063122554333,,
ron97,"ARIMA(1, 1, 1)",1,2025-05-31,3.1100000000000003,3.242020948509762,2.96511137614052,3.518930520879004
ron97,"ARIMAX(1, 1, 1)",1,2025-05-31,3.1100000000000003,3.229119949681176,3.0078999547756613,3.450339944586691
ron97,"ETS(add,add,None)",1,2025-05-31,3.1100000000000003,3.1891863368603532,,
ron97,"ARIMA(1, 1, 1)",3,2025-05-31,3.19,3.285296042953179,2.6055245121498958,3.9650675737564622
ron97,"ARIMAX(1, 1, 1)",3,2025-05-31,3.19,3.340917904052434,2.8199440766196173,3.8618917314852506
ron97,"ETS(add,add,None)",3,2025-05-31,3.19,3.082554689906164,,
ron97,"ARIMA(1, 1, 1)",6,2025-05-31,3.1750000000000003,3.363353765201482,2.3020173114759372,4.424690218927028
ron97,"ARIMAX(1, 1, 1)",6,2025-05-31,3.1750000000000003,3.2818687497355676,2.4962247891942426,4.067512710276893
ron97,"ETS(add,add,None)",6,2025-05-31,3.1750000000000003,2.9226072194748807,,
diesel,"ARIMA(1, 1, 1)",1,2024-01-31,2.15,2.157038945165724,2.0561409899423584,2.2579369003890895
diesel,"ARIMAX(1, 1, 1)",1,2024-01-31,2.15,2.161551382917457,2.062948791372251,2.2601539744626633
diesel,"ETS(add,add,None)",1,2024-01-31,2.15,2.1493617365002367,,
diesel,"ARIMA(1, 1, 1)",3,2024-01-31,2.15,2.1848257769556487,1.8851557995260766,2.484495754385221
diesel,"ARIMAX(1, 1, 1)",3,2024-01-31,2.15,2.1937206632030186,1.9027045538314336,2.4847367725746037
diesel,"ETS(add,add,None)",3,2024-01-31,2.15,2.148085337166177,,
diesel,"ARIMA(1, 1, 1)",6,2024-01-31,3.1100000000000003,2.230834349828208,1.7462882701704274,2.7153804294859887
diesel,"ARIMAX(1, 1, 1)",6,2024-01-31,3.1100000000000003,2.2355544421404185,1.7668297344976973,2.7042791497831398
diesel,"ETS(add,add,None)",6,2024-01-31,3.1100000000000003,2.146170738165087,,
diesel,"ARIMA(1, 1, 1)",1,2024-02-29,2.15,2.156884595948047,2.057071124012633,2.256698067883461
diesel,"ARIMAX(1, 1, 1)",1,2024-02-29,2.15,2.1481380388757603,2.050543818512743,2.2457322592387774
diesel,"ETS(add,add,None)",1,2024-02-29,2.15,2.1493746213064777,,
diesel,"ARIMA(1, 1, 1)",3,2024-02-29,2.15,2.1840643832369215,1.8875934441707982,2.480535322303045
diesel,"ARIMAX(1, 1, 1)",3,2024-02-29,2.15,2.1813378086539665,1.8938229380395073,2.4688526792684256
diesel,"ETS(add,add,None)",3,2024-02-29,2.15,2.1481239890076806,,
diesel,"ARIMA(1, 1, 1)",6,2024-02-29,3.35,2.2290679351187803,1.7496910535956234,2.7084448166419373
diesel,"ARIMAX(1, 1, 1)",6,2024-02-29,3.35,2.2269452016322018,1.7646015023129458,2.689288900951458
diesel,"ETS(add,add,None)",6,2024-02-29,3.35,2.146248040559485,,
diesel,"ARIMA(1, 1, 1)",1,2024-03-31,2.15,2.1567398728299603,2.0579753576326003,2.2555043880273202
diesel,"ARIMAX(1, 1, 1)",1,2024-03-31,2.15,2.1722616124526524,2.0757135573558623,2.2688096675494425
diesel,"ETS(add,add,None)",1,2024-03-31,2.15,2.149387799950039,,
diesel,"ARIMA(1, 1, 1)",3,2024-03-31,2.15,2.1833483726303857,1.88999263436716,2.4767041108936114
diesel,"ARIMAX(1, 1, 1)",3,2024-03-31,2.15,2.197833292954642,1.9132922119916653,2.4823743739176187
diesel,"ETS(add,add,None)",3,2024-03-31,2.15,2.148163522302372,,
diesel,"ARIMA(1, 1, 1)",6,2024-03-31,3.262,2.227404682297947,1.7530734027926216,2.7017359618032724
diesel,"ARIMAX(1, 1, 1)",6,2024-03-31,3.262,2.264066758530129,1.8063573518633433,2.721776165196915
diesel,"ETS(add,add,None)",6,2024-03-31,3.262,2.146327105830871,,
diesel,"ARIMA(1, 1, 1)",1,2024-04-30,2.15,2.156598495531175,2.0588484021471283,2.2543485889152217
diesel,"ARIMAX(1, 1, 1)",1,2024-04-30,2.15,2.145962514152832,2.050249216242835,2.2416758120628284
diesel,"ETS(add,add,None)",1,2024-04-30,2.15,2.149400029423075,,
diesel,"ARIMA(1, 1, 1)",3,2024-04-30,3.1100000000000003,2.1826517013412334,1.8922806974838184,2.473022705198648
diesel,"ARIMAX(1, 1, 1)",3,2024-04-30,3.1100000000000003,2.1642957532814635,1.8818132528599893,2.446778253702938
diesel,"ETS(add,add,None)",3,2024-04-30,3.1100000000000003,2.1482002082753415,,
diesel,"ARIMA(1, 1, 1)",6,2024-04-30,3.0175,2.2257894555553763,1.7562750436574979,2.695303867453255
diesel,"ARIMAX(1, 1, 1)",6,2024-04-30,3.0175,2.226912087653938,1.7717618886913937,2.682062286616482
diesel,"ETS(add,add,None)",6,2024-04-30,3.0175,2.146400476553741,,
diesel,"ARIMA(1, 1, 1)",1,2024-05-31,2.15,2.15646021689898,2.059691965310815,2.253228468487145
diesel,"ARIMAX(1, 1, 1)",1,2024-05-31,2.15,2.159324938025571,2.0645922714550573,2.2540576045960843
diesel,"ETS(add,add,None)",1,2024-05-31,2.15,2.149412418974001,,
diesel,"ARIMA(1, 1, 1)",3,2024-05-31,3.35,2.1819685605642998,1.894503019459044,2.4694341016695556
diesel,"ARIMAX(1, 1, 1)",3,2024-05-31,3.35,2.1894788163815857,1.909794791184892,2.4691628415782794
diesel,"ETS(add,add,None)",3,2024-05-31,3.35,2.1482373744499617,,
diesel,"ARIMA(1, 1, 1)",6,2024-05-31,2.95,2.2242042979917973,1.7593855187088825,2.689023077274712
diesel,"ARIMAX(1, 1, 1)",6,2024-05-31,2.95,2.247365337791682,1.7965139312467189,2.698216744336645
diesel,"ETS(add,add,None)",6,2024-05-31,2.95,2.1464748076639024,,
diesel,"ARIMA(1, 1, 1)",1,2024-06-30,3.1100000000000003,2.156331310715613,2.0605241602565996,2.2521384611746265
diesel,"ARIMAX(1, 1, 1)",1,2024-06-30,3.1100000000000003,2.1555144271220956,2.061680009334732,2.249348844909459
diesel,"ETS(add,add,None)",1,2024-06-30,3.1100000000000003,2.1494232144165624,,
diesel,"ARIMA(1, 1, 1)",3,2024-06-30,3.262,2.181330659802433,1.896720401695683,2.4659409179091836
diesel,"ARIMAX(1, 1, 1)",3,2024-06-30,3.262,2.1947917493275804,1.9180120985041165,2.4715714001510443
diesel,"ETS(add,add,None)",3,2024-06-30,3.262,2.1482697586183406,,
diesel,"ARIMA(1, 1, 1)",6,2024-06-30,2.95,2.222722810641802,1.7625263588745776,2.682919262409027
diesel,"ARIMAX(1, 1, 1)",6,2024-06-30,2.95,2.223792945574563,1.777827844221718,2.6697580469274085
diesel,"ETS(add,add,None)",6,2024-06-30,2.95,2.146539574921008,,
diesel,"ARIMA(1, 1, 1)",1,2024-07-31,3.35,3.9393665217411216,3.66338707964665,4.215345963835594
diesel,"ARIMAX(1, 1, 1)",1,2024-07-31,3.35,3.1248098209820308,3.0319178628396726,3.217701779124389
diesel,"ETS(add,add,None)",1,2024-07-31,3.35,3.1274514274918146,,
diesel,"ARIMA(1, 1, 1)",3,2024-07-31,3.0175,4.3425561345036945,3.527733593946709,5.15737867506068
diesel,"ARIMAX(1, 1, 1)",3,2024-07-31,3.0175,3.165204838659372,2.8908962808672003,3.4395133964515434
diesel,"ETS(add,add,None)",3,2024-07-31,3.0175,3.1625427918389613,,
diesel,"ARIMA(1, 1, 1)",6,2024-07-31,2.95,4.534094037711858,3.2145679789650696,5.853620096458647
diesel,"ARIMAX(1, 1, 1)",6,2024-07-31,2.95,3.1895677687145856,2.7473050635324943,3.631830473896677
diesel,"ETS(add,add,None)",6,2024-07-31,2.95,3.2151798383596812,,
diesel,"ARIMA(1, 1, 1)",1,2024-08-31,3.262,3.344128501295764,3.0625896072355134,3.6256673953560146
diesel,"ARIMAX(1, 1, 1)",1,2024-08-31,3.262,3.5248122302171003,3.4224063692345488,3.627218091199652
diesel,"ETS(add,add,None)",1,2024-08-31,3.262,3.5890643292446742,,
diesel,"ARIMA(1, 1, 1)",3,2024-08-31,2.95,3.4071061087008694,2.80658010801002,4.007632109391719
diesel,"ARIMAX(1, 1, 1)",3,2024-08-31,2.95,3.6377250027347237,3.3204532172098973,3.95499678825955
diesel,"ETS(add,add,None)",3,2024-08-31,2.95,4.067193262322316,,
diesel,"ARIMA(1, 1, 1)",6,2024-08-31,3.08,3.5011167007651194,2.6169072510058102,4.3853261505244285
diesel,"ARIMAX(1, 1, 1)",6,2024-08-31,3.08,3.709605152436075,3.186235292529415,4.232975012342735
diesel,"ETS(add,add,None)",6,2024-08-31,3.08,4.784386661938779,,
diesel,"ARIMA(1, 1, 1)",1,2024-09-30,3.0175,3.2819790288677475,3.002672088746455,3.56128596898904
diesel,"ARIMAX(1, 1, 1)",1,2024-09-30,3.0175,3.132580145895977,3.016504578177395,3.248655713614559
diesel,"ETS(add,add,None)",1,2024-09-30,3.0175,3.281683986737359,,
diesel,"ARIMA(1, 1, 1)",3,2024-09-30,2.95,3.3419101717937028,2.7462503649950047,3.9375699785924008
diesel,"ARIMAX(1, 1, 1)",3,2024-09-30,2.95,3.1487645122576327,2.8149327381967817,3.4825962863184836
diesel,"ETS(add,add,None)",3,2024-09-30,2.95,3.321030427823587,,
diesel,"ARIMA(1, 1, 1)",6,2024-09-30,3.18,3.4305999181898152,2.5578718928562987,4.303327943523332
diesel,"ARIMAX(1, 1, 1)",6,2024-09-30,3.18,3.1919571737053505,2.6639233100400954,3.7199910373706055
diesel,"ETS(add,add,None)",6,2024-09-30,3.18,3.3800500894529293,,
diesel,"ARIMA(1, 1, 1)",1,2024-10-31,2.95,2.9550487297784804,2.670420535854235,3.239676923702726
diesel,"ARIMAX(1, 1, 1)",1,2024-10-31,2.95,2.9128744929467847,2.7944257953182223,3.031323190575347
diesel,"ETS(add,add,None)",1,2024-10-31,2.95,3.032481958222691,,
diesel,"ARIMA(1, 1, 1)",3,2024-10-31,2.95,2.9985952051022395,2.381112383651088,3.616078026553391
diesel,"ARIMAX(1, 1, 1)",3,2024-10-31,2.95,2.906492179862178,2.552918950743564,3.2600654089807923
diesel,"ETS(add,add,None)",3,2024-10-31,2.95,3.0623939762175523,,
diesel,"ARIMA(1, 1, 1)",6,2024-10-31,3.0625,3.0682241559085353,2.15401878750015,3.9824295243169203
diesel,"ARIMAX(1, 1, 1)",6,2024-10-31,3.0625,2.9261796850466277,2.359163313651621,3.4931960564416347
diesel,"ETS(add,add,None)",6,2024-10-31,3.0625,3.107262003209844,,
diesel,"ARIMA(1, 1, 1)",1,2024-11-30,2.95,2.968565356996197,2.686537052994793,3.250593660997601
diesel,"ARIMAX(1, 1, 1)",1,2024-11-30,2.95,2.9715626305982927,2.8537814165975077,3.0893438445990777
diesel,"ETS(add,add,None)",1,2024-11-30,2.95,2.9635172207229528,,
diesel,"ARIMA(1, 1, 1)",3,2024-11-30,3.08,3.0145987593234955,2.4023578595691246,3.6268396590778664
diesel,"ARIMAX(1, 1, 1)",3,2024-11-30,3.08,3.0072049910428245,2.660300104020849,3.3541098780647998
diesel,"ETS(add,add,None)",3,2024-11-30,3.08,2.9905354535638122,,
diesel,"ARIMA(1, 1, 1)",6,2024-11-30,2.9425,3.0838813360896493,2.177299226872534,3.9904634453067644
diesel,"ARIMAX(1, 1, 1)",6,2024-11-30,2.9425,3.0104201391681844,2.458239021383154,3.5626012569532146
diesel,"ETS(add,add,None)",6,2024-11-30,2.9425,3.0310628028251014,,
diesel,"ARIMA(1, 1, 1)",1,2024-12-31,2.95,2.966081664627642,2.686536460199058,3.2456268690562258
diesel,"ARIMAX(1, 1, 1)",1,2024-12-31,2.95,2.9453163616868228,2.8285370954920857,3.06209562788156
diesel,"ETS(add,add,None)",1,2024-12-31,2.95,2.963277445507219,,
diesel,"ARIMA(1, 1, 1)",3,2024-12-31,3.18,3.0111202770994034,2.4040796431763494,3.6181609110224575
diesel,"ARIMAX(1, 1, 1)",3,2024-12-31,3.18,2.960761978646402,2.618088180561264,3.30343577673154
diesel,"ETS(add,add,None)",3,2024-12-31,3.18,2.989829679416355,,
diesel,"ARIMA(1, 1, 1)",6,2024-12-31,2.804,3.0790506141751126,2.1798830625054633,3.978218165844762
diesel,"ARIMAX(1, 1, 1)",6,2024-12-31,2.804,2.9554537178830973,2.4109501094292005,3.499957326336994
diesel,"ETS(add,add,None)",6,2024-12-31,2.804,3.0296580302800593,,
diesel,"ARIMA(1, 1, 1)",1,2025-01-31,3.08,2.966404796750394,2.6892961660416503,3.2435134274591375
diesel,"ARIMAX(1, 1, 1)",1,2025-01-31,3.08,2.9717849758536405,2.856062677953838,3.087507273753443
diesel,"ETS(add,add,None)",1,2025-01-31,3.08,2.963052376787522,,
diesel,"ARIMA(1, 1, 1)",3,2025-01-31,3.0625,3.010715404087393,2.408954861948532,3.612475946226254
diesel,"ARIMAX(1, 1, 1)",3,2025-01-31,3.0625,2.973259393849566,2.6333491919694483,3.3131695957296836
diesel,"ETS(add,add,None)",3,2025-01-31,3.0625,2.9891545196259988,,
diesel,"ARIMA(1, 1, 1)",6,2025-01-31,2.7925,3.0775064368711127,2.1862133626801885,3.968799511062037
diesel,"ARIMAX(1, 1, 1)",6,2025-01-31,2.7925,2.98536520593661,2.445084569397857,3.5256458424753627
diesel,"ETS(add,add,None)",6,2025-01-31,2.7925,3.028307733883714,,
diesel,"ARIMA(1, 1, 1)",1,2025-02-28,3.18,3.1444179667468903,2.8681859751911962,3.4206499583025844
diesel,"ARIMAX(1, 1, 1)",1,2025-02-28,3.18,3.1710696530318803,3.053144909088096,3.2889943969756645
diesel,"ETS(add,add,None)",1,2025-02-28,3.18,3.0949885266663024,,
diesel,"ARIMA(1, 1, 1)",3,2025-02-28,2.9425,3.1955386357204705,2.5962012497961577,3.794876021644783
diesel,"ARIMAX(1, 1, 1)",3,2025-02-28,2.9425,3.2042979126573,2.857082241940406,3.5515135833741938
diesel,"ETS(add,add,None)",3,2025-02-28,2.9425,3.124988581993513,,
diesel,"ARIMA(1, 1, 1)",6,2025-02-28,2.8920000000000003,3.270274027161131,2.382963938860569,4.157584115461693
diesel,"ARIMAX(1, 1, 1)",6,2025-02-28,2.8920000000000003,3.2353778215566367,2.6829091935532428,3.7878464495600306
diesel,"ETS(add,add,None)",6,2025-02-28,2.8920000000000003,3.169988664984329,,
diesel,"ARIMA(1, 1, 1)",1,2025-03-31,3.0625,3.219578654514911,2.9455459604857173,3.4936113485441047
diesel,"ARIMAX(1, 1, 1)",1,2025-03-31,3.0625,3.214734271738715,3.097555260743775,3.3319132827336553
diesel,"ETS(add,add,None)",1,2025-03-31,3.0625,3.196386457831804,,
diesel,"ARIMA(1, 1, 1)",3,2025-03-31,2.804,3.271647760748529,2.675744795475738,3.8675507260213196
diesel,"ARIMAX(1, 1, 1)",3,2025-03-31,2.804,3.218912381590857,2.8731243341542916,3.5647004290274227
diesel,"ETS(add,add,None)",3,2025-03-31,2.804,3.2291760984761435,,
diesel,"ARIMA(1, 1, 1)",6,2025-03-31,2.8925,3.3490106271006277,2.466282061255402,4.231739192945853
diesel,"ARIMAX(1, 1, 1)",6,2025-03-31,2.8925,3.260494226007016,2.7089383001071146,3.812050151906918
diesel,"ETS(add,add,None)",6,2025-03-31,2.8925,3.278360559442653,,
diesel,"ARIMA(1, 1, 1)",1,2025-04-30,2.9425,3.030422673215392,2.755861717715343,3.304983628715441
diesel,"ARIMAX(1, 1, 1)",1,2025-04-30,2.9425,2.942397390307571,2.8204292682920613,3.0643655123230804
diesel,"ETS(add,add,None)",1,2025-04-30,2.9425,3.0767474131073542,,
diesel,"ARIMA(1, 1, 1)",3,2025-04-30,2.7925,3.073815722208046,2.479531219280059,3.668100225136033
diesel,"ARIMAX(1, 1, 1)",3,2025-04-30,2.7925,2.9249741552900232,2.5689243091160394,3.281024001464007
diesel,"ETS(add,add,None)",3,2025-04-30,2.7925,3.1052158915551593,,
diesel,"ARIMA(1, 1, 1)",6,2025-04-30,2.914,3.140301980361108,2.26180359878923,4.0188003619329855
diesel,"ARIMAX(1, 1, 1)",6,2025-04-30,2.914,2.938044880585763,2.376285034390465,3.4998047267810612
diesel,"ETS(add,add,None)",6,2025-04-30,2.914,3.147918609226867,,
diesel,"ARIMA(1, 1, 1)",1,2025-05-31,2.804,2.9303474560960985,2.6571848324286633,3.2035100797635336
diesel,"ARIMAX(1, 1, 1)",1,2025-05-31,2.804,2.9138539538081565,2.793017865778629,3.034690041837684
diesel,"ETS(add,add,None)",1,2025-05-31,2.804,2.954616686130798,,
diesel,"ARIMA(1, 1, 1)",3,2025-05-31,2.8920000000000003,2.9699927232073637,2.374635086081238,3.5653503603334893
diesel,"ARIMAX(1, 1, 1)",3,2025-05-31,2.8920000000000003,2.934247106565673,2.5822244066625695,3.286269806468776
diesel,"ETS(add,add,None)",3,2025-05-31,2.8920000000000003,2.9788236324630155,,
diesel,"ARIMA(1, 1, 1)",6,2025-05-31,2.9250000000000003,3.0307416612567963,2.149138344920778,3.9123449775928147
diesel,"ARIMAX(1, 1, 1)",6,2025-05-31,2.9250000000000003,2.94395769083962,2.389073962613886,3.4988414190653536
diesel,"ETS(add,add,None)",6,2025-05-31,2.9250000000000003,3.0151340519613417,,
cpi_transport,"ARIMA(1, 1, 1)",1,2024-01-31,121.2,122.00578194294167,118.35026577398361,125.66129811189973
cpi_transport,"ARIMAX(1, 1, 1)",1,2024-01-31,121.2,121.56186695524829,119.87995238355906,123.24378152693752
cpi_transport,"ETS(add,add,None)",1,2024-01-31,121.2,121.6999000239943,,
cpi_transport,"ARIMA(1, 1, 1)",3,2024-01-31,121.5,123.355914386599,112.69655469538688,134.0152740778111
cpi_transport,"ARIMAX(1, 1, 1)",3,2024-01-31,121.5,121.74512236256601,118.72323940445298,124.76700532067903
cpi_transport,"ETS(add,add,None)",3,2024-01-31,121.5,122.4997600619865,,
cpi_transport,"ARIMA(1, 1, 1)",6,2024-01-31,121.9,125.36805440179928,108.48766989392918,142.24843890966937
cpi_transport,"ARIMAX(1, 1, 1)",6,2024-01-31,121.9,150.55113421245062,146.22446560271447,154.87780282218677
cpi_transport,"ETS(add,add,None)",6,2024-01-31,121.9,123.69955011897481,,
cpi_transport,"ARIMA(1, 1, 1)",1,2024-02-29,121.7,121.18173902272231,117.55873194277798,124.80474610266664
cpi_transport,"ARIMAX(1, 1, 1)",1,2024-02-29,121.7,121.11443515984612,119.44804678912627,122.78082353056598
cpi_transport,"ETS(add,add,None)",1,2024-02-29,121.7,121.10017996001,,
cpi_transport,"ARIMA(1, 1, 1)",3,2024-02-29,121.4,122.28236921392072,111.72810437852186,132.83663404931957
cpi_transport,"ARIMAX(1, 1, 1)",3,2024-02-29,121.4,121.31654400289047,118.32195919557306,124.31112881020788
cpi_transport,"ETS(add,add,None)",3,2024-02-29,121.4,120.90043990002519,,
cpi_transport,"ARIMA(1, 1, 1)",6,2024-02-29,122.1,124.17586244889354,107.46182248887101,140.88990240891607
cpi_transport,"ARIMAX(1, 1, 1)",6,2024-02-29,122.1,157.4720753092221,153.1842348746241,161.7599157438201
cpi_transport,"ETS(add,add,None)",6,2024-02-29,122.1,120.60082981004798,,
cpi_transport,"ARIMA(1, 1, 1)",1,2024-03-31,121.5,122.64147737693722,119.05416815424205,126.22878659963239
cpi_transport,"ARIMAX(1, 1, 1)",1,2024-03-31,121.5,122.01782771484763,120.3613427600614,123.67431266963385
cpi_transport,"ETS(add,add,None)",1,2024-03-31,121.5,122.1997700699838,,
cpi_transport,"ARIMA(1, 1, 1)",3,2024-03-31,121.3,124.02656610914465,113.58566562748686,134.46746659080245
cpi_transport,"ARIMAX(1, 1, 1)",3,2024-03-31,121.3,122.20694628101153,119.22960740607579,125.18428515594726
cpi_transport,"ETS(add,add,None)",3,2024-03-31,121.3,123.1994301739594,,
cpi_transport,"ARIMA(1, 1, 1)",6,2024-03-31,122.2,125.99794184739349,109.46491043348836,142.53097326129864
cpi_transport,"ARIMAX(1, 1, 1)",6,2024-03-31,122.2,155.53266060378297,151.26927575449358,159.79604545307237
cpi_transport,"ETS(add,add,None)",6,2024-03-31,122.2,124.6989203299228,,
cpi_transport,"ARIMA(1, 1, 1)",1,2024-04-30,121.4,121.24187997869399,117.67762272393038,124.80613723345759
cpi_transport,"ARIMAX(1, 1, 1)",1,2024-04-30,121.4,121.35727268400912,119.71207384875687,123.00247151926136
cpi_transport,"ETS(add,add,None)",1,2024-04-30,121.4,121.30026990602727,,
cpi_transport,"ARIMA(1, 1, 1)",3,2024-04-30,121.9,122.23087713890365,111.88298698524113,132.57876729256617
cpi_transport,"ARIMAX(1, 1, 1)",3,2024-04-30,121.9,150.21744946540008,147.26048937741743,153.17440955338273
cpi_transport,"ETS(add,add,None)",3,2024-04-30,121.9,120.90066976406783,,
cpi_transport,"ARIMA(1, 1, 1)",6,2024-04-30,121.9,124.03714229902859,107.65366532014588,140.4206192779113
cpi_transport,"ARIMAX(1, 1, 1)",6,2024-04-30,121.9,147.4018920873144,143.1676696666801,151.6361145079487
cpi_transport,"ETS(add,add,None)",6,2024-04-30,121.9,120.30126955112867,,
cpi_transport,"ARIMA(1, 1, 1)",1,2024-05-31,121.3,121.95659281210827,118.42856935426728,125.48461626994926
cpi_transport,"ARIMAX(1, 1, 1)",1,2024-05-31,121.3,121.70817401970245,120.08012497796328,123.33622306144163
cpi_transport,"ETS(add,add,None)",1,2024-05-31,121.3,121.29990010496213,,
cpi_transport,"ARIMA(1, 1, 1)",3,2024-05-31,122.1,123.16632108483807,112.92786114474536,133.4047810249308
cpi_transport,"ARIMAX(1, 1, 1)",3,2024-05-31,122.1,157.6861409501892,154.75963979680074,160.61264210357768
cpi_transport,"ETS(add,add,None)",3,2024-05-31,122.1,121.09972026090519,,
cpi_transport,"ARIMA(1, 1, 1)",6,2024-05-31,121.7,125.00161703302624,108.79219316944177,141.2110408966107
cpi_transport,"ARIMAX(1, 1, 1)",6,2024-05-31,121.7,145.26801723827367,141.0772396767721,149.45879479977523
cpi_transport,"ETS(add,add,None)",6,2024-05-31,121.7,120.79945049481977,,
cpi_transport,"ARIMA(1, 1, 1)",1,2024-06-30,121.9,121.34329995551676,117.84596617122598,124.84063373980753
cpi_transport,"ARIMAX(1, 1, 1)",1,2024-06-30,121.9,149.8268838188303,148.2097494795294,151.44401815813123
cpi_transport,"ETS(add,add,None)",1,2024-06-30,121.9,121.20000994304186,,
cpi_transport,"ARIMA(1, 1, 1)",3,2024-06-30,122.2,122.37199373722201,112.2295530125846,132.51443446185942
cpi_transport,"ARIMAX(1, 1, 1)",3,2024-06-30,122.2,154.53496011253543,151.63441785590865,157.4355023691622
cpi_transport,"ETS(add,add,None)",3,2024-06-30,122.2,121.0000298491046,,
cpi_transport,"ARIMA(1, 1, 1)",6,2024-06-30,121.4,124.11967836818398,108.05585295639422,140.18350377997373
cpi_transport,"ARIMAX(1, 1, 1)",6,2024-06-30,121.4,144.99611131926437,140.8452315665389,149.14699107198985
cpi_transport,"ETS(add,add,None)",6,2024-06-30,121.4,120.70005970819872,,
cpi_transport,"ARIMA(1, 1, 1)",1,2024-07-31,122.1,122.83980344348652,119.3735777256935,126.30602916127954
cpi_transport,"ARIMAX(1, 1, 1)",1,2024-07-31,122.1,121.05442523078264,117.91208041141586,124.19677005014942
cpi_transport,"ETS(add,add,None)",1,2024-07-31,122.1,122.49979001997232,,
cpi_transport,"ARIMA(1, 1, 1)",3,2024-07-31,121.9,124.14064537306625,114.09671267701356,134.18457806911894
cpi_transport,"ARIMAX(1, 1, 1)",3,2024-07-31,121.9,119.22690351045287,110.66363672743853,127.79017029346721
cpi_transport,"ETS(add,add,None)",3,2024-07-31,121.9,123.69951005792836,,
cpi_transport,"ARIMA(1, 1, 1)",6,2024-07-31,121.8,125.96555100909455,110.05635413922637,141.87474787896275
cpi_transport,"ARIMAX(1, 1, 1)",6,2024-07-31,121.8,119.60587597388516,106.21723959899818,132.99451234877216
cpi_transport,"ETS(add,add,None)",6,2024-07-31,121.8,125.49909011486243,,
cpi_transport,"ARIMA(1, 1, 1)",1,2024-08-31,122.2,122.15488859549808,118.71631559437493,125.59346159662122
cpi_transport,"ARIMAX(1, 1, 1)",1,2024-08-31,122.2,122.41310573186618,119.29090679272116,125.5353046710112
cpi_transport,"ETS(add,add,None)",1,2024-08-31,122.2,122.30018993201378,,
cpi_transport,"ARIMA(1, 1, 1)",3,2024-08-31,121.7,123.17162915978291,113.22478123765538,133.11847708191044
cpi_transport,"ARIMAX(1, 1, 1)",3,2024-08-31,121.7,121.14423492178477,112.6663301165216,129.62213972704794
cpi_transport,"ETS(add,add,None)",3,2024-08-31,121.7,122.70048983803736,,
cpi_transport,"ARIMA(1, 1, 1)",6,2024-08-31,122.3,124.89536411489887,109.1415203039149,140.64920792588282
cpi_transport,"ARIMAX(1, 1, 1)",6,2024-08-31,122.3,123.1589980864619,109.93327900433856,136.38471716858527
cpi_transport,"ETS(add,add,None)",6,2024-08-31,122.3,123.30093969707272,,
cpi_transport,"ARIMA(1, 1, 1)",1,2024-09-30,121.9,122.70229966669199,119.29627297034546,126.10832636303851
cpi_transport,"ARIMAX(1, 1, 1)",1,2024-09-30,121.9,120.91305602941985,117.81988081293942,124.00623124590028
cpi_transport,"ETS(add,add,None)",1,2024-09-30,121.9,122.2999900769757,,
cpi_transport,"ARIMA(1, 1, 1)",3,2024-09-30,121.4,123.83932344939414,113.987180384011,133.6914665147773
cpi_transport,"ARIMAX(1, 1, 1)",3,2024-09-30,121.4,121.04138865509668,112.64846570995843,129.43431160023493
cpi_transport,"ETS(add,add,None)",3,2024-09-30,121.4,122.49995019294072,,
cpi_transport,"ARIMA(1, 1, 1)",6,2024-09-30,122.6,125.5738609367256,109.9701040532925,141.17761782015867
cpi_transport,"ARIMAX(1, 1, 1)",6,2024-09-30,122.6,123.55508365560148,110.4602556314558,136.64991167974716
cpi_transport,"ETS(add,add,None)",6,2024-09-30,122.6,122.79989036688823,,
cpi_transport,"ARIMA(1, 1, 1)",1,2024-10-31,121.7,121.78691826617106,118.4057841704146,125.16805236192751
cpi_transport,"ARIMAX(1, 1, 1)",1,2024-10-31,121.7,122.4273181142546,119.35306155255684,125.50157467595237
cpi_transport,"ETS(add,add,None)",1,2024-10-31,121.7,121.60010997403,,
cpi_transport,"ARIMA(1, 1, 1)",3,2024-10-31,121.8,122.70749844842514,112.9336478958277,132.48134900102258
cpi_transport,"ARIMAX(1, 1, 1)",3,2024-10-31,121.8,123.35384383869587,114.9566896139096,131.75099806348211
cpi_transport,"ETS(add,add,None)",3,2024-10-31,121.8,121.00024992407461,,
cpi_transport,"ARIMA(1, 1, 1)",6,2024-10-31,122.3,124.34241292035072,108.85709724329989,139.82772859740157
cpi_transport,"ARIMAX(1, 1, 1)",6,2024-10-31,122.3,125.05993880287174,111.9276598782628,138.19221772748068
cpi_transport,"ETS(add,add,None)",6,2024-10-31,122.3,120.10045984914152,,
cpi_transport,"ARIMA(1, 1, 1)",1,2024-11-30,121.4,122.03113140035498,118.68081065262767,125.38145214808229
cpi_transport,"ARIMAX(1, 1, 1)",1,2024-11-30,121.4,121.63531940697435,118.58324904973723,124.68738976421146
cpi_transport,"ETS(add,add,None)",1,2024-11-30,121.4,121.49993003498342,,
cpi_transport,"ARIMA(1, 1, 1)",3,2024-11-30,122.3,123.06394085444629,113.37745409721629,132.7504276116763
cpi_transport,"ARIMAX(1, 1, 1)",3,2024-11-30,122.3,123.21053148746118,114.89168374602515,131.52937922889723
cpi_transport,"ETS(add,add,None)",3,2024-11-30,122.3,121.09981008295544,,
cpi_transport,"ARIMA(1, 1, 1)",6,2024-11-30,122.3,124.69518374467188,109.34837150354227,140.0419959858015
cpi_transport,"ARIMAX(1, 1, 1)",6,2024-11-30,122.3,123.35456693357074,110.3497223951045,136.35941147203698
cpi_transport,"ETS(add,add,None)",6,2024-11-30,122.3,120.49963015491348,,
cpi_transport,"ARIMA(1, 1, 1)",1,2024-12-31,121.8,121.36721860349508,118.04286289976048,124.69157430722967
cpi_transport,"ARIMAX(1, 1, 1)",1,2024-12-31,121.8,121.5632814540109,118.5379952913244,124.5885676166974
cpi_transport,"ETS(add,add,None)",1,2024-12-31,121.8,121.10003996701377,,
cpi_transport,"ARIMA(1, 1, 1)",3,2024-12-31,122.6,122.26228631818738,112.65234294961417,131.8722296867606
cpi_transport,"ARIMAX(1, 1, 1)",3,2024-12-31,122.6,123.5611319038824,115.31257941974062,131.80968438802418
cpi_transport,"ETS(add,add,None)",3,2024-12-31,122.6,120.50009991503433,,
cpi_transport,"ARIMA(1, 1, 1)",6,2024-12-31,122.1,123.819638574992,108.58860304548173,139.05067410450226
cpi_transport,"ARIMAX(1, 1, 1)",6,2024-12-31,122.1,122.33881103461688,109.44598792944896,135.2316341397848
cpi_transport,"ETS(add,add,None)",6,2024-12-31,122.1,119.60018983706516,,
cpi_transport,"ARIMA(1, 1, 1)",1,2025-01-31,122.3,122.56338400584093,119.26638197341306,125.8603860382688
cpi_transport,"ARIMAX(1, 1, 1)",1,2025-01-31,122.3,123.17607454209985,120.17684988749514,126.17529919670457
cpi_transport,"ETS(add,add,None)",1,2025-01-31,122.3,122.1997800259862,,
cpi_transport,"ARIMA(1, 1, 1)",3,2025-01-31,122.3,123.69765911962,114.17277383385624,133.22254440538376
cpi_transport,"ARIMAX(1, 1, 1)",3,2025-01-31,122.3,123.57031798250657,115.39340308044584,131.7472328845673
cpi_transport,"ETS(add,add,None)",3,2025-01-31,122.3,122.99948006996522,,
cpi_transport,"ARIMA(1, 1, 1)",6,2025-01-31,122.3,125.31132016449033,110.21626458381188,140.40637574516876
cpi_transport,"ARIMAX(1, 1, 1)",6,2025-01-31,122.3,123.16432404043971,110.38699920920408,135.94164887167534
cpi_transport,"ETS(add,add,None)",6,2025-01-31,122.3,124.19903013593374,,
cpi_transport,"ARIMA(1, 1, 1)",1,2025-02-28,122.6,122.6656899273157,119.39652626772939,125.93485358690201
cpi_transport,"ARIMAX(1, 1, 1)",1,2025-02-28,122.6,122.48946092684457,119.5081095344527,125.47081231923644
cpi_transport,"ETS(add,add,None)",1,2025-02-28,122.6,122.80003993101327,,
cpi_transport,"ARIMA(1, 1, 1)",3,2025-02-28,122.3,123.67713128281693,114.23699208924303,133.11727047639081
cpi_transport,"ARIMAX(1, 1, 1)",3,2025-02-28,122.3,121.67971971146548,113.53773525299799,129.82170416993296
cpi_transport,"ETS(add,add,None)",3,2025-02-28,122.3,123.80013983703465,,
cpi_transport,"ARIMA(1, 1, 1)",6,2025-02-28,122.6,125.25693053170129,110.2968612869337,140.21699977646887
cpi_transport,"ARIMAX(1, 1, 1)",6,2025-02-28,122.6,122.26814666385229,109.54773897386195,134.98855435384263
cpi_transport,"ETS(add,add,None)",6,2025-02-28,122.6,125.30028969606671,,
cpi_transport,"ARIMA(1, 1, 1)",1,2025-03-31,122.3,123.03689203611711,119.79552787191088,126.27825620032334
cpi_transport,"ARIMAX(1, 1, 1)",1,2025-03-31,122.3,122.12274820798834,119.16664212395412,125.07885429202256
cpi_transport,"ETS(add,add,None)",1,2025-03-31,122.3,122.9000700319763,,
cpi_transport,"ARIMA(1, 1, 1)",3,2025-03-31,122.1,124.06339793268639,114.70334525982989,133.42345060554288
cpi_transport,"ARIMAX(1, 1, 1)",3,2025-03-31,122.1,121.36304240891148,113.29198225459423,129.43410256322875
cpi_transport,"ETS(add,add,None)",3,2025-03-31,122.1,123.5001700879427,,
cpi_transport,"ARIMA(1, 1, 1)",6,2025-03-31,122.5,125.63726708215209,110.80486594189712,140.46966822240708
cpi_transport,"ARIMAX(1, 1, 1)",6,2025-03-31,122.5,122.64851906439927,110.04003409099268,135.25700403780587
cpi_transport,"ETS(add,add,None)",6,2025-03-31,122.5,124.40032017189232,,
cpi_transport,"ARIMA(1, 1, 1)",1,2025-04-30,122.3,122.18792014284531,118.96834297307295,125.40749731261768
cpi_transport,"ARIMAX(1, 1, 1)",1,2025-04-30,122.3,122.2005989232498,119.26894972015236,125.13224812634724
cpi_transport,"ETS(add,add,None)",1,2025-04-30,122.3,122.0001600110158,,
cpi_transport,"ARIMA(1, 1, 1)",3,2025-04-30,122.3,123.02328927530768,113.72962549190981,132.31695305870554
cpi_transport,"ARIMAX(1, 1, 1)",3,2025-04-30,122.3,122.04366717945142,114.03173711012701,130.05559724877583
cpi_transport,"ETS(add,add,None)",3,2025-04-30,122.3,121.40036001904099,,
cpi_transport,"ARIMA(1, 1, 1)",6,2025-04-30,122.7,124.51401278930975,109.78504739488409,139.2429781837354
cpi_transport,"ARIMAX(1, 1, 1)",6,2025-04-30,122.7,123.55482375576824,111.03807785406643,136.07156965747004
cpi_transport,"ETS(add,add,None)",6,2025-04-30,122.7,120.50066003107878,,
cpi_transport,"ARIMA(1, 1, 1)",1,2025-05-31,122.1,122.75907512914735,119.56585696877558,125.95229328951912
cpi_transport,"ARIMAX(1, 1, 1)",1,2025-05-31,122.1,121.882753573379,118.97512516391765,124.79038198284036
cpi_transport,"ETS(add,add,None)",1,2025-05-31,122.1,122.2998500439985,,
cpi_transport,"ARIMA(1, 1, 1)",3,2025-05-31,122.6,123.75387384219918,114.53794044082366,132.9698072435747
cpi_transport,"ARIMAX(1, 1, 1)",3,2025-05-31,122.6,123.05039290642618,115.10279978921596,130.9979860236364
cpi_transport,"ETS(add,add,None)",3,2025-05-31,122.6,122.29961009999332,,
cpi_transport,"ARIMA(1, 1, 1)",6,2025-05-31,121.6,125.26325321553318,110.65822230716093,139.86828412390545
cpi_transport,"ARIMAX(1, 1, 1)",6,2025-05-31,121.6,124.0352325417401,111.61811065983717,136.45235442364302
cpi_transport,"ETS(add,add,None)",6,2025-05-31,121.6,122.29925018398554,,
cpi_headline,"ARIMA(1, 1, 1)",1,2024-01-31,131.4,131.54134501072937,130.45481491375975,132.627875107699
cpi_headline,"ARIMAX(1, 1, 1)",1,2024-01-31,131.4,131.32363031048445,130.8053023810328,131.8419582399361
cpi_headline,"ETS(add,add,None)",1,2024-01-31,131.4,131.38722318965938,,
cpi_headline,"ARIMA(1, 1, 1)",3,2024-01-31,132.2,132.07309158616283,129.45710208248437,134.6890810898413
cpi_headline,"ARIMAX(1, 1, 1)",3,2024-01-31,132.2,131.67337283468112,130.6464993814388,132.70024628792345
cpi_headline,"ETS(add,add,None)",3,2024-01-31,132.2,131.76169212059494,,
cpi_headline,"ARIMA(1, 1, 1)",6,2024-01-31,133.0,132.8647139719024,128.92806271954706,136.80136522425775
cpi_headline,"ARIMAX(1, 1, 1)",6,2024-01-31,133.0,132.18249702078654,130.64591561316095,133.71907842841213
cpi_headline,"ETS(add,add,None)",6,2024-01-31,133.0,132.3233955169983,,
cpi_headline,"ARIMA(1, 1, 1)",1,2024-02-29,132.1,131.58994434748988,130.51450268892054,132.6653860060592
cpi_headline,"ARIMAX(1, 1, 1)",1,2024-02-29,132.1,131.66898928259334,131.15586383828224,132.18211472690444
cpi_headline,"ETS(add,add,None)",1,2024-02-29,132.1,131.58749940330233,,
cpi_headline,"ARIMA(1, 1, 1)",3,2024-02-29,132.4,132.10389240425587,129.5166014968133,134.69118331169844
cpi_headline,"ARIMAX(1, 1, 1)",3,2024-02-29,132.4,131.89349241624078,130.8769764376457,132.91000839483584
cpi_headline,"ETS(add,add,None)",3,2024-02-29,132.4,131.96250071227615,,
cpi_headline,"ARIMA(1, 1, 1)",6,2024-02-29,133.1,132.88055996129395,128.98590573062154,136.77521419196637
cpi_headline,"ARIMAX(1, 1, 1)",6,2024-02-29,133.1,132.47683705404765,130.9565025751401,133.9971715329552
cpi_headline,"ETS(add,add,None)",6,2024-02-29,133.1,132.52500267573689,,
cpi_headline,"ARIMA(1, 1, 1)",1,2024-03-31,132.2,132.63266300246113,131.55894897798953,133.70637702693273
cpi_headline,"ARIMAX(1, 1, 1)",1,2024-03-31,132.2,132.29133726880394,131.76929094919805,132.81338358840983
cpi_headline,"ETS(add,add,None)",1,2024-03-31,132.2,132.29790859613846,,
cpi_headline,"ARIMA(1, 1, 1)",3,2024-03-31,132.8,133.20220000938951,130.62070785707166,135.78369216170736
cpi_headline,"ARIMAX(1, 1, 1)",3,2024-03-31,132.8,132.59554924086854,131.55496649232214,133.63613198941493
cpi_headline,"ETS(add,add,None)",3,2024-03-31,132.8,132.69382620673716,,
cpi_headline,"ARIMA(1, 1, 1)",6,2024-03-31,133.2,134.02871967491504,130.1364942909576,137.9209450588725
cpi_headline,"ARIMAX(1, 1, 1)",6,2024-03-31,133.2,133.2637741367968,131.70333676496165,134.82421150863195
cpi_headline,"ETS(add,add,None)",6,2024-03-31,133.2,133.2877026226352,,
cpi_headline,"ARIMA(1, 1, 1)",1,2024-04-30,132.4,132.26710068450706,131.19784740072419,133.33635396828993
cpi_headline,"ARIMAX(1, 1, 1)",1,2024-04-30,132.4,132.34239896132416,131.82520781017126,132.85959011247706
cpi_headline,"ETS(add,add,None)",1,2024-04-30,132.4,132.39601063407218,,
cpi_headline,"ARIMA(1, 1, 1)",3,2024-04-30,133.0,132.77322584837862,130.2243933941722,135.32205830258502
cpi_headline,"ARIMAX(1, 1, 1)",3,2024-04-30,133.0,132.76338533415242,131.7400956800099,133.78667498829495
cpi_headline,"ETS(add,add,None)",3,2024-04-30,133.0,132.78801271017073,,
cpi_headline,"ARIMA(1, 1, 1)",6,2024-04-30,133.2,133.55436972199777,129.71435935738816,137.39438008660738
cpi_headline,"ARIMAX(1, 1, 1)",6,2024-04-30,133.2,133.21778578425904,131.68896831044705,134.74660325807102
cpi_headline,"ETS(add,add,None)",6,2024-04-30,133.2,133.37601582431856,,
cpi_headline,"ARIMA(1, 1, 1)",1,2024-05-31,132.8,132.71373920326909,131.6547964822236,133.77268192431458
cpi_headline,"ARIMAX(1, 1, 1)",1,2024-05-31,132.8,132.545262082476,132.03313179124672,133.05739237370528
cpi_headline,"ETS(add,add,None)",1,2024-05-31,132.8,132.59607862708305,,
cpi_headline,"ARIMA(1, 1, 1)",3,2024-05-31,133.1,133.24635532248678,130.72551196983133,135.76719867514223
cpi_headline,"ARIMAX(1, 1, 1)",3,2024-05-31,133.1,133.03727063825912,132.02319061094272,134.0513506655755
cpi_headline,"ETS(add,add,None)",3,2024-05-31,133.1,132.98823666360295,,
cpi_headline,"ARIMA(1, 1, 1)",6,2024-05-31,133.4,134.0391804592236,130.2395269157671,137.83883400268007
cpi_headline,"ARIMAX(1, 1, 1)",6,2024-05-31,133.4,133.40694464645662,131.89010753801574,134.9237817548975
cpi_headline,"ETS(add,add,None)",6,2024-05-31,133.4,133.5764737183828,,
cpi_headline,"ARIMA(1, 1, 1)",1,2024-06-30,133.0,133.11259235345625,132.06405596864937,134.16112873826313
cpi_headline,"ARIMAX(1, 1, 1)",1,2024-06-30,133.0,133.14336245087185,132.6316110517148,133.6551138500289
cpi_headline,"ETS(add,add,None)",1,2024-06-30,133.0,132.99997618663735,,
cpi_headline,"ARIMA(1, 1, 1)",3,2024-06-30,133.2,133.65016724317022,131.15363608828744,136.146698398053
cpi_headline,"ARIMAX(1, 1, 1)",3,2024-06-30,133.2,133.55588428480922,132.53922170942624,134.5725468601922
cpi_headline,"ETS(add,add,None)",3,2024-06-30,133.2,133.39996856467462,,
cpi_headline,"ARIMA(1, 1, 1)",6,2024-06-30,133.3,134.45128993345094,130.69031007507283,138.21226979182904
cpi_headline,"ARIMAX(1, 1, 1)",6,2024-06-30,133.3,133.85968270065692,132.33440035366132,135.3849650476525
cpi_headline,"ETS(add,add,None)",6,2024-06-30,133.3,133.99995713173053,,
cpi_headline,"ARIMA(1, 1, 1)",1,2024-07-31,133.1,133.21094781916892,132.17231078675405,134.2495848515838
cpi_headline,"ARIMAX(1, 1, 1)",1,2024-07-31,133.1,133.1953137295734,132.68713424095696,133.70349321818983
cpi_headline,"ETS(add,add,None)",1,2024-07-31,133.1,133.20000014539704,,
cpi_headline,"ARIMA(1, 1, 1)",3,2024-07-31,133.2,133.73442702167432,131.26357068677663,136.205283356572
cpi_headline,"ARIMAX(1, 1, 1)",3,2024-07-31,133.2,133.46009916241613,132.45794954802838,134.46224877680388
cpi_headline,"ETS(add,add,None)",3,2024-07-31,133.2,133.60000044016243,,
cpi_headline,"ARIMA(1, 1, 1)",6,2024-07-31,133.4,134.52526436191457,130.80550056591747,138.24502815791166
cpi_headline,"ARIMAX(1, 1, 1)",6,2024-07-31,133.4,133.90562813558205,132.4081358711031,135.403120400061
cpi_headline,"ETS(add,add,None)",6,2024-07-31,133.4,134.20000088231052,,
cpi_headline,"ARIMA(1, 1, 1)",1,2024-08-31,133.2,133.3014108329146,132.27237229900842,134.33044936682077
cpi_headline,"ARIMAX(1, 1, 1)",1,2024-08-31,133.2,133.25810527467866,132.75418518359996,133.76202536575735
cpi_headline,"ETS(add,add,None)",1,2024-08-31,133.2,133.29815739301858,,
cpi_headline,"ARIMA(1, 1, 1)",3,2024-08-31,133.4,133.81779646115282,131.3689727636321,136.26662015867356
cpi_headline,"ARIMAX(1, 1, 1)",3,2024-08-31,133.4,133.44483458785277,132.45037315302608,134.43929602267946
cpi_headline,"ETS(add,add,None)",3,2024-08-31,133.4,133.69445254761462,,
cpi_headline,"ARIMA(1, 1, 1)",6,2024-08-31,133.6,134.59876262233993,130.91156880311468,138.2859564415652
cpi_headline,"ARIMAX(1, 1, 1)",6,2024-08-31,133.6,134.03844956044165,132.55320980761624,135.52368931326706
cpi_headline,"ETS(add,add,None)",6,2024-08-31,133.6,134.28889527950867,,
cpi_headline,"ARIMA(1, 1, 1)",1,2024-09-30,133.2,133.402688827461,132.38304590751193,134.42233174741006
cpi_headline,"ARIMAX(1, 1, 1)",1,2024-09-30,133.2,133.26881459477477,132.76943041818024,133.7681987713693
cpi_headline,"ETS(add,add,None)",1,2024-09-30,133.2,133.39637359311928,,
cpi_headline,"ARIMA(1, 1, 1)",3,2024-09-30,133.3,133.9134370688612,131.48614087942565,136.34073325829678
cpi_headline,"ARIMAX(1, 1, 1)",3,2024-09-30,133.3,133.45325383911788,132.46636308306347,134.44014459517228
cpi_headline,"ETS(add,add,None)",3,2024-09-30,133.3,133.7891015027118,,
cpi_headline,"ARIMA(1, 1, 1)",6,2024-09-30,134.1,134.6855658194452,131.03026830180485,138.34086333708555
cpi_headline,"ARIMAX(1, 1, 1)",6,2024-09-30,134.1,134.1765811832472,132.7017331532773,135.6514292132171
cpi_headline,"ETS(add,add,None)",6,2024-09-30,134.1,134.37819336710055,,
cpi_headline,"ARIMA(1, 1, 1)",1,2024-10-31,133.4,133.34633504509932,132.33475488768104,134.3579152025176
cpi_headline,"ARIMAX(1, 1, 1)",1,2024-10-31,133.4,133.2879393922631,132.79286674834836,133.78301203617784
cpi_headline,"ETS(add,add,None)",1,2024-10-31,133.4,133.3928774045426,,
cpi_headline,"ARIMA(1, 1, 1)",3,2024-10-31,133.4,133.84151906562877,131.4318563768945,136.25118175436305
cpi_headline,"ARIMAX(1, 1, 1)",3,2024-10-31,133.4,133.60206694659277,132.62211182613402,134.58202206705153
cpi_headline,"ETS(add,add,None)",3,2024-10-31,133.4,133.77859363628934,,
cpi_headline,"ARIMA(1, 1, 1)",6,2024-10-31,134.1,134.59623171943846,130.96628119114948,138.22618224772745
cpi_headline,"ARIMAX(1, 1, 1)",6,2024-10-31,134.1,134.1637249566975,132.69785022666568,135.62959968672934
cpi_headline,"ETS(add,add,None)",6,2024-10-31,134.1,134.35716798390948,,
cpi_headline,"ARIMA(1, 1, 1)",1,2024-11-30,133.3,133.67250534355813,132.670084877224,134.67492580989224
cpi_headline,"ARIMAX(1, 1, 1)",1,2024-11-30,133.3,133.49840980222,133.006984122988,133.98983548145202
cpi_headline,"ETS(add,add,None)",1,2024-11-30,133.3,133.5929819598815,,
cpi_headline,"ARIMA(1, 1, 1)",3,2024-11-30,133.6,134.18010758622424,131.7932023284333,136.56701284401518
cpi_headline,"ARIMAX(1, 1, 1)",3,2024-11-30,133.6,134.01185796300584,133.0417930491788,134.98192287683287
cpi_headline,"ETS(add,add,None)",3,2024-11-30,133.6,133.97894727939234,,
cpi_headline,"ARIMA(1, 1, 1)",6,2024-11-30,134.3,134.93933576886613,131.34422073124736,138.5344508064849
cpi_headline,"ARIMAX(1, 1, 1)",6,2024-11-30,134.3,134.47233428609383,133.02364958689773,135.92101898528992
cpi_headline,"ETS(add,add,None)",6,2024-11-30,134.3,134.5578952586586,,
cpi_headline,"ARIMA(1, 1, 1)",1,2024-12-31,133.4,133.3591021975798,132.36096755394712,134.35723684121248
cpi_headline,"ARIMAX(1, 1, 1)",1,2024-12-31,133.4,133.50988956305343,133.020168516153,133.99961060995386
cpi_headline,"ETS(add,add,None)",1,2024-12-31,133.4,133.48796025990427,,
cpi_headline,"ARIMA(1, 1, 1)",3,2024-12-31,134.1,133.8293795821552,131.45445624149497,136.20430292281546
cpi_headline,"ARIMAX(1, 1, 1)",3,2024-12-31,134.1,133.9716587604384,133.0062746232257,134.9370428976511
cpi_headline,"ETS(add,add,None)",3,2024-12-31,134.1,133.86382318790183,,
cpi_headline,"ARIMA(1, 1, 1)",6,2024-12-31,134.4,134.55701703564927,130.97808068339856,138.13595338789997
cpi_headline,"ARIMAX(1, 1, 1)",6,2024-12-31,134.4,134.30347698094158,132.86173610703602,135.74521785484714
cpi_headline,"ETS(add,add,None)",6,2024-12-31,134.4,134.42761757989817,,
cpi_headline,"ARIMA(1, 1, 1)",1,2025-01-31,133.6,133.65002875422232,132.66062963906757,134.63942786937707
cpi_headline,"ARIMAX(1, 1, 1)",1,2025-01-31,133.6,133.62860556996984,133.14238240761895,134.11482873232072
cpi_headline,"ETS(add,add,None)",1,2025-01-31,133.6,133.5864489835814,,
cpi_headline,"ARIMA(1, 1, 1)",3,2025-01-31,134.1,134.13780897992672,131.7848812624769,136.49073669737655
cpi_headline,"ARIMAX(1, 1, 1)",3,2025-01-31,134.1,133.90563299771097,132.94374346617383,134.8675225292481
cpi_headline,"ETS(add,add,None)",3,2025-01-31,134.1,133.9593296552181,,
cpi_headline,"ARIMA(1, 1, 1)",6,2025-01-31,134.5,134.86870668536667,131.3232512713672,138.41416209936614
cpi_headline,"ARIMAX(1, 1, 1)",6,2025-01-31,134.5,134.34137729881607,132.9025783148571,135.78017628277505
cpi_headline,"ETS(add,add,None)",6,2025-01-31,134.5,134.5186506626732,,
cpi_headline,"ARIMA(1, 1, 1)",1,2025-02-28,134.1,133.8181129592365,132.837192489043,134.79903342942998
cpi_headline,"ARIMAX(1, 1, 1)",1,2025-02-28,134.1,133.796540603575,133.31446810450953,134.2786131026405
cpi_headline,"ETS(add,add,None)",1,2025-02-28,134.1,133.78666639738464,,
cpi_headline,"ARIMA(1, 1, 1)",3,2025-02-28,134.3,134.30064454084805,131.9678601447784,136.6334289369177
cpi_headline,"ARIMAX(1, 1, 1)",3,2025-02-28,134.3,134.01190643664313,133.05727009165108,134.96654278163518
cpi_headline,"ETS(add,add,None)",3,2025-02-28,134.3,134.16000185714034,,
cpi_headline,"ARIMA(1, 1, 1)",6,2025-02-28,134.7,135.02742997749698,131.5116185445196,138.54324141047437
cpi_headline,"ARIMAX(1, 1, 1)",6,2025-02-28,134.7,134.51376404970594,133.08492329403376,135.94260480537812
cpi_headline,"ETS(add,add,None)",6,2025-02-28,134.7,134.7200050467739,,
cpi_headline,"ARIMA(1, 1, 1)",1,2025-03-31,134.1,134.48725116166673,133.5120579134215,135.46244440991197
cpi_headline,"ARIMAX(1, 1, 1)",1,2025-03-31,134.1,134.22934043415563,133.74527525864266,134.7134056096686
cpi_headline,"ETS(add,add,None)",1,2025-03-31,134.1,134.29177252016797,,
cpi_headline,"ARIMA(1, 1, 1)",3,2025-03-31,134.4,134.99858619019577,132.6791463513271,137.31802602906444
cpi_headline,"ARIMAX(1, 1, 1)",3,2025-03-31,134.4,134.50994064234376,133.55747324177872,135.4624080429088
cpi_headline,"ETS(add,add,None)",3,2025-03-31,134.4,134.67537920616365,,
cpi_headline,"ARIMA(1, 1, 1)",6,2025-03-31,134.9,135.74752971168758,132.24997756516314,139.24508185821202
cpi_headline,"ARIMAX(1, 1, 1)",6,2025-03-31,134.9,135.05849380442925,133.6397163263151,136.4772712825434
cpi_headline,"ETS(add,add,None)",6,2025-03-31,134.9,135.25078923515719,,
cpi_headline,"ARIMA(1, 1, 1)",1,2025-04-30,134.3,134.16251820475605,133.19063428565184,135.13440212386027
cpi_headline,"ARIMAX(1, 1, 1)",1,2025-04-30,134.3,134.24433200621854,133.76323869247216,134.72542531996493
cpi_headline,"ETS(add,add,None)",1,2025-04-30,134.3,134.28872617420208,,
cpi_headline,"ARIMA(1, 1, 1)",3,2025-04-30,134.5,134.62548212525377,132.3242659922955,136.92669825821204
cpi_headline,"ARIMAX(1, 1, 1)",3,2025-04-30,134.5,134.5408296965487,133.59925135463936,135.48240803845806
cpi_headline,"ETS(add,add,None)",3,2025-04-30,134.5,134.6661407835979,,
cpi_headline,"ARIMA(1, 1, 1)",6,2025-04-30,135.2,135.3430381111382,131.87525922099985,138.81081700127658
cpi_headline,"ARIMAX(1, 1, 1)",6,2025-04-30,135.2,135.07834758699093,133.6786307612379,136.47806441274395
cpi_headline,"ETS(add,add,None)",6,2025-04-30,135.2,135.23226269769165,,
cpi_headline,"ARIMA(1, 1, 1)",1,2025-05-31,134.4,134.59384863322285,133.62935299853723,135.55834426790847
cpi_headline,"ARIMAX(1, 1, 1)",1,2025-05-31,134.4,134.41284464230205,133.93550950617367,134.89017977843042
cpi_headline,"ETS(add,add,None)",1,2025-05-31,134.4,134.48888799533705,,
cpi_headline,"ARIMA(1, 1, 1)",3,2025-05-31,134.7,135.08343149204651,132.8032497599092,137.36361322418384
cpi_headline,"ARIMAX(1, 1, 1)",3,2025-05-31,134.7,134.8292149055486,133.8953590332225,135.76307077787473
cpi_headline,"ETS(add,add,None)",3,2025-05-31,134.7,134.86666620463456,,
cpi_headline,"ARIMA(1, 1, 1)",6,2025-05-31,135.1,135.8109278219149,132.3748741981208,139.246981445709
cpi_headline,"ARIMAX(1, 1, 1)",6,2025-05-31,135.1,135.05809009381954,133.66961342763622,136.44656676000287
cpi_headline,"ETS(add,add,None)",6,2025-05-31,135.1,135.4333335185808,,
ron95,"ARIMA(1, 1, 1)",1,2024-01-31,2.05,2.0585542030169575,1.9761100257513649,2.14099838028255
ron95,"ARIMAX(1, 1, 1)",1,2024-01-31,2.05,2.063832671222085,1.9833465429697097,2.1443187994744606
ron95,"ETS(add,add,None)",1,2024-01-31,2.05,2.0493617534777977,,
ron95,"ARIMA(1, 1, 1)",3,2024-01-31,2.05,2.09443126275307,1.8359765001925732,2.352886025313567
ron95,"ARIMAX(1, 1, 1)",3,2024-01-31,2.05,2.1047167392471238,1.8527056005214237,2.3567278779728236
ron95,"ETS(add,add,None)",3,2024-01-31,2.05,2.0480853880954637,,
ron95,"ARIMA(1, 1, 1)",6,2024-01-31,2.05,2.1535679500220732,1.735138993263091,2.5719969067810555
ron95,"ARIMAX(1, 1, 1)",6,2024-01-31,2.05,2.159872491439173,1.7520481667044114,2.5676968161739344
ron95,"ETS(add,add,None)",6,2024-01-31,2.05,2.0461708400219627,,
ron95,"ARIMA(1, 1, 1)",1,2024-02-29,2.05,2.058368528595766,1.9767881690969158,2.139948888094616
ron95,"ARIMAX(1, 1, 1)",1,2024-02-29,2.05,2.0523294641243965,1.9726450463612177,2.1320138818875756
ron95,"ETS(add,add,None)",1,2024-02-29,2.05,2.049374876158366,,
ron95,"ARIMA(1, 1, 1)",3,2024-02-29,2.05,2.0934718299871045,1.837693408888145,2.349250251086064
ron95,"ARIMAX(1, 1, 1)",3,2024-02-29,2.05,2.0916099477302694,1.8420304316577647,2.341189463802774
ron95,"ETS(add,add,None)",3,2024-02-29,2.05,2.0481247535123708,,
ron95,"ARIMA(1, 1, 1)",6,2024-02-29,2.05,2.1513358821198625,1.7372244858507466,2.5654472783889783
ron95,"ARIMAX(1, 1, 1)",6,2024-02-29,2.05,2.1464142249837397,1.7425016106299847,2.5503268393374947
ron95,"ETS(add,add,None)",6,2024-02-29,2.05,2.0462495695433778,,
ron95,"ARIMA(1, 1, 1)",1,2024-03-31,2.05,2.0581846651329174,1.97744125374511,2.138928076520725
ron95,"ARIMAX(1, 1, 1)",1,2024-03-31,2.05,2.0686058958324804,1.9897760621690341,2.147435729495927
ron95,"ETS(add,add,None)",1,2024-03-31,2.05,2.0493942381494903,,
ron95,"ARIMA(1, 1, 1)",3,2024-03-31,2.05,2.092521297311773,1.8393357957980185,2.3457067988255274
ron95,"ARIMAX(1, 1, 1)",3,2024-03-31,2.05,2.1014672612845287,1.8545373467995674,2.34839717576949
ron95,"ETS(add,add,None)",3,2024-03-31,2.05,2.0481828356129577,,
ron95,"ARIMA(1, 1, 1)",6,2024-03-31,2.05,2.1491203924908326,1.7392085857282114,2.559032199253454
ron95,"ARIMAX(1, 1, 1)",6,2024-03-31,2.05,2.166546141023442,1.766927926388211,2.5661643556586733
ron95,"ETS(add,add,None)",6,2024-03-31,2.05,2.0463657318081587,,
ron95,"ARIMA(1, 1, 1)",1,2024-04-30,2.05,2.058016243222924,1.978082604332417,2.1379498821134306
ron95,"ARIMAX(1, 1, 1)",1,2024-04-30,2.05,2.051662295306664,1.973457013967639,2.129867576645689
ron95,"ETS(add,add,None)",1,2024-04-30,2.05,2.049399955332419,,
ron95,"ARIMA(1, 1, 1)",3,2024-04-30,2.05,2.0916497209101723,1.8409811262201061,2.3423183156002385
ron95,"ARIMAX(1, 1, 1)",3,2024-04-30,2.05,2.076766778370872,1.8319546281744516,2.321578928567292
ron95,"ETS(add,add,None)",3,2024-04-30,2.05,2.048199986018193,,
ron95,"ARIMA(1, 1, 1)",6,2024-04-30,2.05,2.1470903612405468,1.7412484065555789,2.5529323159255144
ron95,"ARIMAX(1, 1, 1)",6,2024-04-30,2.05,2.133615902383825,1.7373815336465008,2.529850271121149
ron95,"ETS(add,add,None)",6,2024-04-30,2.05,2.0464000320468543,,
ron95,"ARIMA(1, 1, 1)",1,2024-05-31,2.05,2.057848860207621,1.9787138713656949,2.136983849049547
ron95,"ARIMAX(1, 1, 1)",1,2024-05-31,2.05,2.0578183404894794,1.9804674197773076,2.1351692612016513
ron95,"ETS(add,add,None)",1,2024-05-31,2.05,2.0494117271905288,,
ron95,"ARIMA(1, 1, 1)",3,2024-05-31,2.05,2.09077646834506,1.8426373718818445,2.338915564808276
ron95,"ARIMAX(1, 1, 1)",3,2024-05-31,2.05,2.0928735691646416,1.8507300093794394,2.335017128949844
ron95,"ETS(add,add,None)",3,2024-05-31,2.05,2.048235299237915,,
ron95,"ARIMA(1, 1, 1)",6,2024-05-31,2.05,2.145043072842357,1.7433460073500473,2.546740138334666
ron95,"ARIMAX(1, 1, 1)",6,2024-05-31,2.05,2.148377722478404,1.756519638491167,2.5402358064656414
ron95,"ETS(add,add,None)",6,2024-05-31,2.05,2.046470657308994,,
ron95,"ARIMA(1, 1, 1)",1,2024-06-30,2.05,2.0576914972934497,1.979321055102086,2.1360619394848137
ron95,"ARIMAX(1, 1, 1)",1,2024-06-30,2.05,2.0587274141335667,1.9821144032497693,2.135340425017364
ron95,"ETS(add,add,None)",1,2024-06-30,2.05,2.0494238794627715,,
ron95,"ARIMA(1, 1, 1)",3,2024-06-30,2.05,2.0899679859240416,1.8441637405344409,2.3357722313136424
ron95,"ARIMAX(1, 1, 1)",3,2024-06-30,2.05,2.094898278569972,1.8551423810379473,2.334654176101997
ron95,"ETS(add,add,None)",3,2024-06-30,2.05,2.0482717536239456,,
ron95,"ARIMA(1, 1, 1)",6,2024-06-30,2.05,2.1431693357655592,1.7452097897774945,2.541128881753624
ron95,"ARIMAX(1, 1, 1)",6,2024-06-30,2.05,2.1377363855563614,1.7496867848096638,2.5257859863030587
ron95,"ETS(add,add,None)",6,2024-06-30,2.05,2.046543564865707,,
ron95,"ARIMA(1, 1, 1)",1,2024-07-31,2.05,2.057539397038013,1.9799143189622854,2.1351644751137404
ron95,"ARIMAX(1, 1, 1)",1,2024-07-31,2.05,2.0593116246250798,1.9834228329916574,2.135200416258502
ron95,"ETS(add,add,None)",1,2024-07-31,2.05,2.049434024948505,,
ron95,"ARIMA(1, 1, 1)",3,2024-07-31,2.05,2.089179100727967,1.8457022612898917,2.3326559401660423
ron95,"ARIMAX(1, 1, 1)",3,2024-07-31,2.05,2.0916412010999266,1.8540677157302585,2.329214686469595
ron95,"ETS(add,add,None)",3,2024-07-31,2.05,2.0483021880518453,,
ron95,"ARIMA(1, 1, 1)",6,2024-07-31,2.05,2.1413293162872913,1.7471436011649155,2.535515031409667
ron95,"ARIMAX(1, 1, 1)",6,2024-07-31,2.05,2.1338336680636107,1.7493490854520353,2.518318250675186
ron95,"ETS(add,add,None)",6,2024-07-31,2.05,2.046604432706856,,
ron95,"ARIMA(1, 1, 1)",1,2024-08-31,2.05,2.0573949154382523,1.9804910838855057,2.1342987469909986
ron95,"ARIMAX(1, 1, 1)",1,2024-08-31,2.05,2.0577926706748477,1.982594754453007,2.1329905868966885
ron95,"ETS(add,add,None)",1,2024-08-31,2.05,2.049445868721356,,
ron95,"ARIMA(1, 1, 1)",3,2024-08-31,2.05,2.088430708026893,1.8471995167134936,2.329661899340292
ron95,"ARIMAX(1, 1, 1)",3,2024-08-31,2.05,2.0852151201845617,1.8497597812001718,2.3206704591689515
ron95,"ETS(add,add,None)",3,2024-08-31,2.05,2.048337717001408,,
ron95,"ARIMA(1, 1, 1)",6,2024-08-31,2.05,2.1395845566663945,1.7490371289523692,2.5301319843804198
ron95,"ARIMAX(1, 1, 1)",6,2024-08-31,2.05,2.1307361079902147,1.7495820137446376,2.511890202235792
ron95,"ETS(add,add,None)",6,2024-08-31,2.05,2.046675489421486,,
ron95,"ARIMA(1, 1, 1)",1,2024-09-30,2.05,2.0572527558760383,1.9810569884677678,2.133448523284309
ron95,"ARIMAX(1, 1, 1)",1,2024-09-30,2.05,2.0536755727166227,1.979124013378372,2.128227132054873
ron95,"ETS(add,add,None)",1,2024-09-30,2.05,2.0494545156326835,,
ron95,"ARIMA(1, 1, 1)",3,2024-09-30,2.05,2.0876940454472197,1.8486687751714874,2.326719315722952
ron95,"ARIMAX(1, 1, 1)",3,2024-09-30,2.05,2.0766925547635937,1.8434580151832098,2.3099270943439776
ron95,"ETS(add,add,None)",3,2024-09-30,2.05,2.048363656005835,,
ron95,"ARIMA(1, 1, 1)",6,2024-09-30,2.05,2.1378676441970463,1.7508915950689776,2.524843693325115
ron95,"ARIMAX(1, 1, 1)",6,2024-09-30,2.05,2.1238032598795145,1.7464042121789127,2.501202307580116
ron95,"ETS(add,add,None)",6,2024-09-30,2.05,2.0467273665655625,,
ron95,"ARIMA(1, 1, 1)",1,2024-10-31,2.05,2.0571171146288743,1.981602749970722,2.1326314792870265
ron95,"ARIMAX(1, 1, 1)",1,2024-10-31,2.05,2.0604363208989587,1.9866028403442921,2.1342698014536254
ron95,"ETS(add,add,None)",1,2024-10-31,2.05,2.0494642527180553,,
ron95,"ARIMA(1, 1, 1)",3,2024-10-31,2.05,2.0869914217295067,1.850087263515495,2.3238955799435184
ron95,"ARIMAX(1, 1, 1)",3,2024-10-31,2.05,2.0830846300309376,1.852043114301475,2.3141261457604
ron95,"ETS(add,add,None)",3,2024-10-31,2.05,2.0483928653143386,,
ron95,"ARIMA(1, 1, 1)",6,2024-10-31,2.05,2.1362298082645714,1.7526892708655875,2.5197703456635554
ron95,"ARIMAX(1, 1, 1)",6,2024-10-31,2.05,2.12789776235639,1.754012137027142,2.501783387685638
ron95,"ETS(add,add,None)",6,2024-10-31,2.05,2.0467857842087636,,
ron95,"ARIMA(1, 1, 1)",1,2024-11-30,2.05,2.0569905693519432,1.982146285016644,2.1318348536872427
ron95,"ARIMAX(1, 1, 1)",1,2024-11-30,2.05,2.0478199021431127,1.9746232351821043,2.121016569104121
ron95,"ETS(add,add,None)",1,2024-11-30,2.05,2.0494736524374013,,
ron95,"ARIMA(1, 1, 1)",3,2024-11-30,2.05,2.0863365387506945,1.8515140711741778,2.321159006327211
ron95,"ARIMAX(1, 1, 1)",3,2024-11-30,2.05,2.0783185698778457,1.8491873419666949,2.3074497977889967
ron95,"ETS(add,add,None)",3,2024-11-30,2.05,2.048421062592244,,
ron95,"ARIMA(1, 1, 1)",6,2024-11-30,2.05,2.1347038940289487,1.7545323515118467,2.514875436546051
ron95,"ARIMAX(1, 1, 1)",6,2024-11-30,2.05,2.112802577336309,1.7419766524797844,2.483628502192833
ron95,"ETS(add,add,None)",6,2024-11-30,2.05,2.0468421778245083,,
ron95,"ARIMA(1, 1, 1)",1,2024-12-31,2.05,2.056857782190778,1.9826564002758462,2.1310591641057095
ron95,"ARIMAX(1, 1, 1)",1,2024-12-31,2.05,2.063536256633169,1.9909951891419309,2.136077324124407
ron95,"ETS(add,add,None)",1,2024-12-31,2.05,2.0494826977254834,,
ron95,"ARIMA(1, 1, 1)",3,2024-12-31,2.05,2.0856474115079573,1.8528341786445925,2.318460644371322
ron95,"ARIMAX(1, 1, 1)",3,2024-12-31,2.05,2.095002207026084,1.8679272259103943,2.3220771881417734
ron95,"ETS(add,add,None)",3,2024-12-31,2.05,2.0484481966472523,,
ron95,"ARIMA(1, 1, 1)",6,2024-12-31,2.05,2.1330975873938267,1.7561791811318788,2.5100159936557747
ron95,"ARIMAX(1, 1, 1)",6,2024-12-31,2.05,2.135836759154121,1.7683453333323693,2.503328184975873
ron95,"ETS(add,add,None)",6,2024-12-31,2.05,2.0468964450299056,,
ron95,"ARIMA(1, 1, 1)",1,2025-01-31,2.05,2.0567459784696585,1.9831917762658409,2.130300180673476
ron95,"ARIMAX(1, 1, 1)",1,2025-01-31,2.05,2.0565454656467783,1.9845004131634165,2.12859051813014
ron95,"ETS(add,add,None)",1,2025-01-31,2.05,2.0494914904298023,,
ron95,"ARIMA(1, 1, 1)",3,2025-01-31,2.05,2.085062896241646,1.854305542175497,2.315820250307795
ron95,"ARIMAX(1, 1, 1)",3,2025-01-31,2.05,2.0753131471390045,1.8499253951073729,2.300700899170636
ron95,"ETS(add,add,None)",3,2025-01-31,2.05,2.048474573001492,,
ron95,"ARIMA(1, 1, 1)",6,2025-01-31,2.05,2.131727328285213,1.7581721420854923,2.5052825144849336
ron95,"ARIMAX(1, 1, 1)",6,2025-01-31,2.05,2.122846091098082,1.758128959163125,2.487563223033039
ron95,"ETS(add,add,None)",6,2025-01-31,2.05,2.046949196859027,,
ron95,"ARIMA(1, 1, 1)",1,2025-02-28,2.05,2.0566231600871663,1.9836827262008678,2.1295635939734647
ron95,"ARIMAX(1, 1, 1)",1,2025-02-28,2.05,2.051720895384838,1.98034306870363,2.1230987220660453
ron95,"ETS(add,add,None)",1,2025-02-28,2.05,2.0494999722484053,,
ron95,"ARIMA(1, 1, 1)",3,2025-02-28,2.05,2.084432492179278,1.855541014182688,2.3133239701758677
ron95,"ARIMAX(1, 1, 1)",3,2025-02-28,2.05,2.070249838155843,1.8467945604057336,2.293705115905952
ron95,"ETS(add,add,None)",3,2025-02-28,2.05,2.0485000167607677,,
ron95,"ARIMA(1, 1, 1)",6,2025-02-28,2.05,2.1302669910485896,1.7596938401999191,2.5008401418972603
ron95,"ARIMAX(1, 1, 1)",6,2025-02-28,2.05,2.1217435389683525,1.7601185581269945,2.4833685198097104
ron95,"ETS(add,add,None)",6,2025-02-28,2.05,2.047000083529311,,
ron95,"ARIMA(1, 1, 1)",1,2025-03-31,2.05,2.0565105928802767,1.9841664578753435,2.12885472788521
ron95,"ARIMAX(1, 1, 1)",1,2025-03-31,2.05,2.057292345269424,1.9865092633263186,2.1280754272125293
ron95,"ETS(add,add,None)",1,2025-03-31,2.05,2.049508166293131,,
ron95,"ARIMA(1, 1, 1)",3,2025-03-31,2.05,2.0838460952206668,1.8568351528888414,2.310857037552492
ron95,"ARIMAX(1, 1, 1)",3,2025-03-31,2.05,2.0826156297547955,1.8610225916232541,2.304208667886337
ron95,"ETS(add,add,None)",3,2025-03-31,2.05,2.0485245972559727,,
ron95,"ARIMA(1, 1, 1)",6,2025-03-31,2.05,2.128895509898552,1.7613882657765072,2.4964027540205964
ron95,"ARIMAX(1, 1, 1)",6,2025-03-31,2.05,2.128457845698492,1.7698421480473283,2.487073543349656
ron95,"ETS(add,add,None)",6,2025-03-31,2.05,2.047049243700235,,
ron95,"ARIMA(1, 1, 1)",1,2025-04-30,2.05,2.056400422074891,1.9846409950615231,2.128159849088259
ron95,"ARIMAX(1, 1, 1)",1,2025-04-30,2.05,2.051981687001563,1.9817710878708668,2.122192286132259
ron95,"ETS(add,add,None)",1,2025-04-30,2.05,2.0495160543386977,,
ron95,"ARIMA(1, 1, 1)",3,2025-04-30,2.05,2.083276171389544,1.858078716103737,2.308473626675351
ron95,"ARIMAX(1, 1, 1)",3,2025-04-30,2.05,2.085886661682758,1.866050107341917,2.3057232160235985
ron95,"ETS(add,add,None)",3,2025-04-30,2.05,2.048548259814905,,
ron95,"ARIMA(1, 1, 1)",6,2025-04-30,2.16,2.1275687745447622,1.7629906867539489,2.4921468623355754
ron95,"ARIMAX(1, 1, 1)",6,2025-04-30,2.16,2.124134475290598,1.7683445254463142,2.479924425134882
ron95,"ETS(add,add,None)",6,2025-04-30,2.16,2.047096568029216,,
ron95,"ARIMA(1, 1, 1)",1,2025-05-31,2.05,2.0562932705396735,1.9851031931291998,2.127483347950147
ron95,"ARIMAX(1, 1, 1)",1,2025-05-31,2.05,2.062412489181897,1.9927529421563237,2.13207203620747
ron95,"ETS(add,add,None)",1,2025-05-31,2.05,2.049523783962706,,
ron95,"ARIMA(1, 1, 1)",3,2025-05-31,2.05,2.082720474500638,1.8592992280205742,2.3061417209807016
ron95,"ARIMAX(1, 1, 1)",3,2025-05-31,2.05,2.0953309311320156,1.8772395659081997,2.3134222963558315
ron95,"ETS(add,add,None)",3,2025-05-31,2.05,2.0485714471408505,,
ron95,"ARIMA(1, 1, 1)",6,2025-05-31,2.6,2.126273499483774,1.7645715458181543,2.487975453149394
ron95,"ARIMAX(1, 1, 1)",6,2025-05-31,2.6,2.130177198748955,1.7772531539737453,2.4831012435241644
ron95,"ETS(add,add,None)",6,2025-05-31,2.6,2.047142941908067,,
