date,wti,brent
2020-01-02,61.17,67.05
2020-01-03,63.0,69.08
2020-01-06,63.27,70.25
2020-01-07,62.7,68.74
2020-01-08,59.65,67.31
2020-01-09,59.56,66.58
2020-01-10,59.02,66.77
2020-01-13,58.17,64.14
2020-01-14,58.34,64.45
2020-01-15,57.86,63.29
2020-01-16,58.52,64.63
2020-01-17,58.55,64.05
2020-01-20,,64.63
2020-01-21,58.25,63.66
2020-01-22,56.76,62.11
2020-01-23,55.51,61.26
2020-01-24,54.09,59.34
2020-01-27,53.09,58.54
2020-01-28,53.33,59.37
2020-01-29,53.29,59.46
2020-01-30,52.19,57.72
2020-01-31,51.58,57.77
2020-02-03,50.06,54.0
2020-02-04,49.59,53.9
2020-02-05,50.87,55.36
2020-02-06,50.94,55.18
2020-02-07,50.34,54.53
2020-02-10,49.59,53.39
2020-02-11,50.0,54.0
2020-02-12,51.13,55.54
2020-02-13,51.41,56.34
2020-02-14,52.03,57.37
2020-02-17,,57.83
2020-02-18,52.1,57.35
2020-02-19,53.31,59.72
2020-02-20,53.77,59.57
2020-02-21,53.36,58.6
2020-02-24,51.36,56.71
2020-02-25,49.78,55.29
2020-02-26,48.67,54.96
2020-02-27,47.17,52.19
2020-02-28,44.83,51.31
2020-03-02,46.78,52.52
2020-03-03,47.27,52.24
2020-03-04,46.78,51.86
2020-03-05,45.9,51.29
2020-03-06,41.14,45.6
2020-03-09,31.05,35.33
2020-03-10,34.47,35.57
2020-03-11,33.13,34.45
2020-03-12,31.56,31.02
2020-03-13,31.72,32.25
2020-03-16,28.96,27.98
2020-03-17,26.96,27.97
2020-03-18,20.48,22.79
2020-03-19,25.09,23.98
2020-03-20,19.48,25.55
2020-03-23,23.33,23.75
2020-03-24,21.03,24.5
2020-03-25,20.75,25.62
2020-03-26,16.6,23.55
2020-03-27,15.48,22.39
2020-03-30,14.1,19.19
2020-03-31,20.51,14.85
2020-04-01,20.28,14.97
2020-04-02,25.18,20.24
2020-04-03,28.36,24.33
2020-04-06,26.21,22.58
2020-04-07,23.54,22.1
2020-04-08,24.97,25.22
2020-04-09,22.9,20.23
2020-04-13,22.36,
2020-04-14,20.15,21.74
2020-04-15,19.96,19.8
2020-04-16,19.82,18.69
2020-04-17,18.31,19.75
2020-04-20,-36.98,17.36
2020-04-21,8.91,9.12
2020-04-22,13.64,13.77
2020-04-23,15.06,15.06
2020-04-24,15.99,15.87
2020-04-27,12.17,15.17
2020-04-28,12.4,15.6
2020-04-29,15.04,17.86
2020-04-30,19.23,18.11
2020-05-01,19.72,18.49
2020-05-04,20.47,20.4
2020-05-05,24.56,25.46
2020-05-06,23.88,24.2
2020-05-07,23.68,24.23
2020-05-08,24.73,
2020-05-11,24.02,25.53
2020-05-12,25.76,26.67
2020-05-13,25.37,27.89
2020-05-14,27.4,29.87
2020-05-15,29.44,30.95
2020-05-18,31.83,33.3
2020-05-19,32.3,33.06
2020-05-20,33.56,34.76
2020-05-21,34.3,34.78
2020-05-22,33.49,33.8
2020-05-26,34.7,33.95
2020-05-27,32.8,32.73
2020-05-28,33.67,33.98
2020-05-29,35.57,34.15
2020-06-01,35.49,36.74
2020-06-02,36.88,37.72
2020-06-03,37.33,37.98
2020-06-04,37.42,38.41
2020-06-05,39.49,41.0
2020-06-08,38.17,39.66
2020-06-09,38.98,40.45
2020-06-10,39.54,41.18
2020-06-11,36.43,37.76
2020-06-12,36.24,38.54
2020-06-15,37.07,39.44
2020-06-16,38.26,40.75
2020-06-17,37.91,40.47
2020-06-18,38.79,41.75
2020-06-19,39.72,42.33
2020-06-22,40.6,43.2
2020-06-23,40.4,42.72
2020-06-24,37.91,40.4
2020-06-25,38.66,41.18
2020-06-26,38.53,40.97
2020-06-29,39.67,41.58
2020-06-30,39.27,41.64
2020-07-01,39.88,42.18
2020-07-02,40.57,43.19
2020-07-03,,42.92
2020-07-06,40.51,42.73
2020-07-07,40.59,43.28
2020-07-08,40.91,43.67
2020-07-09,39.64,42.35
2020-07-10,40.56,43.27
2020-07-13,40.06,42.85
2020-07-14,40.3,42.97
2020-07-15,41.2,43.96
2020-07-16,40.74,43.71
2020-07-17,40.55,43.53
2020-07-20,40.83,43.3
2020-07-21,41.76,44.31
2020-07-22,41.88,43.98
2020-07-23,40.99,42.96
2020-07-24,41.23,43.29
2020-07-27,41.46,43.39
2020-07-28,40.89,43.11
2020-07-29,41.13,43.51
2020-07-30,39.85,42.98
2020-07-31,40.1,43.13
2020-08-03,40.83,43.76
2020-08-04,41.67,43.99
2020-08-05,42.25,44.92
2020-08-06,41.93,45.04
2020-08-07,41.16,44.07
2020-08-10,41.94,44.19
2020-08-11,41.53,43.68
2020-08-12,42.6,45.09
2020-08-13,42.26,44.87
2020-08-14,42.05,44.86
2020-08-17,42.89,44.91
2020-08-18,42.89,45.34
2020-08-19,42.91,45.21
2020-08-20,42.62,44.56
2020-08-21,42.32,43.94
2020-08-24,42.44,44.43
2020-08-25,43.17,46.01
2020-08-26,43.21,45.79
2020-08-27,42.88,44.84
2020-08-28,42.96,45.22
2020-08-31,42.61,
2020-09-01,42.76,45.72
2020-09-02,42.76,42.7
2020-09-03,41.39,42.72
2020-09-04,39.69,41.1
2020-09-07,,40.67
2020-09-08,36.87,38.53
2020-09-09,38.05,39.98
2020-09-10,37.25,39.27
2020-09-11,37.33,38.8
2020-09-14,37.23,38.57
2020-09-15,38.29,39.54
2020-09-16,40.17,41.23
2020-09-17,40.99,42.35
2020-09-18,41.09,42.16
2020-09-21,39.26,40.37
2020-09-22,39.55,40.84
2020-09-23,39.92,41.09
2020-09-24,40.11,41.24
2020-09-25,40.06,40.91
2020-09-28,40.47,41.59
2020-09-29,39.03,40.33
2020-09-30,40.05,40.3
2020-10-01,38.51,39.75
2020-10-02,36.9,38.0
2020-10-05,39.12,39.78
2020-10-06,40.52,41.27
2020-10-07,39.82,40.62
2020-10-08,41.04,42.0
2020-10-09,40.44,41.63
2020-10-12,39.22,40.5
2020-10-13,40.03,41.34
2020-10-14,40.86,41.81
2020-10-15,40.84,41.61
2020-10-16,40.7,41.34
2020-10-19,40.69,41.29
2020-10-20,41.37,41.62
2020-10-21,39.88,40.09
2020-10-22,40.46,41.28
2020-10-23,39.73,40.71
2020-10-26,38.39,39.06
2020-10-27,39.34,39.72
2020-10-28,37.27,37.86
2020-10-29,35.94,36.56
2020-10-30,35.64,36.33
2020-11-02,36.6,37.78
2020-11-03,37.44,38.17
2020-11-04,38.97,39.68
2020-11-05,38.56,39.47
2020-11-06,36.97,38.08
2020-11-09,40.05,40.93
2020-11-10,41.18,42.25
2020-11-11,41.23,42.5
2020-11-12,40.9,42.16
2020-11-13,39.93,41.51
2020-11-16,41.14,42.71
2020-11-17,41.24,42.54
2020-11-18,41.64,42.91
2020-11-19,41.57,43.09
2020-11-20,41.99,43.79
2020-11-23,42.91,45.0
2020-11-24,44.71,46.63
2020-11-25,45.58,47.3
2020-11-26,,46.32
2020-11-27,,46.88
2020-11-30,45.2,46.84
2020-12-01,44.54,47.03
2020-12-02,45.23,47.8
2020-12-03,45.65,48.37
2020-12-04,46.23,49.1
2020-12-07,45.72,48.63
2020-12-08,45.64,48.84
2020-12-09,45.48,48.81
2020-12-10,46.76,50.33
2020-12-11,46.59,50.01
2020-12-14,47.02,50.27
2020-12-15,47.58,50.77
2020-12-16,47.86,50.83
2020-12-17,48.34,51.2
2020-12-18,49.04,52.17
2020-12-21,47.79,50.61
2020-12-22,47.02,49.88
2020-12-23,47.94,51.05
2020-12-24,48.18,50.88
2020-12-28,47.5,50.88
2020-12-29,47.85,50.44
2020-12-30,48.24,50.74
2020-12-31,48.35,51.22
2021-01-04,47.47,50.37
2021-01-05,49.78,53.16
2021-01-06,50.45,53.8
2021-01-07,50.63,53.7
2021-01-08,52.14,55.51
2021-01-11,52.15,54.84
2021-01-12,53.08,55.98
2021-01-13,52.81,55.52
2021-01-14,53.47,55.76
2021-01-15,52.25,54.8
2021-01-18,,54.21
2021-01-19,52.87,55.38
2021-01-20,53.16,55.66
2021-01-21,53.0,55.68
2021-01-22,52.28,55.22
2021-01-25,52.78,55.44
2021-01-26,52.61,55.26
2021-01-27,52.81,55.07
2021-01-28,52.26,54.87
2021-01-29,52.16,55.25
2021-02-01,53.55,56.42
2021-02-02,54.77,57.62
2021-02-03,55.67,58.61
2021-02-04,56.19,58.98
2021-02-05,56.8,59.48
2021-02-08,57.95,60.17
2021-02-09,58.34,60.74
2021-02-10,58.69,61.17
2021-02-11,58.22,61.09
2021-02-12,59.5,62.47
2021-02-15,,63.58
2021-02-16,60.07,63.96
2021-02-17,61.09,65.02
2021-02-18,60.4,64.09
2021-02-19,59.12,62.84
2021-02-22,61.67,64.73
2021-02-23,61.66,65.16
2021-02-24,63.21,66.85
2021-02-25,63.43,66.69
2021-02-26,61.55,65.86
2021-03-01,60.54,64.56
2021-03-02,59.7,63.17
2021-03-03,61.33,64.7
2021-03-04,63.81,67.32
2021-03-05,66.08,69.95
2021-03-08,65.03,68.0
2021-03-09,64.02,67.03
2021-03-10,64.45,67.53
2021-03-11,66.02,69.34
2021-03-12,65.59,68.87
2021-03-15,65.36,68.78
2021-03-16,64.82,67.95
2021-03-17,64.55,67.73
2021-03-18,59.95,62.11
2021-03-19,61.43,64.0
2021-03-22,61.48,63.89
2021-03-23,57.75,59.96
2021-03-24,61.12,63.7
2021-03-25,58.47,61.21
2021-03-26,60.93,63.77
2021-03-29,61.49,64.06
2021-03-30,60.55,63.28
2021-03-31,59.19,63.52
2021-04-01,61.41,63.85
2021-04-05,58.73,
2021-04-06,59.34,61.47
2021-04-07,59.77,61.86
2021-04-08,59.61,62.09
2021-04-09,59.29,61.89
2021-04-12,59.7,62.38
2021-04-13,60.2,62.83
2021-04-14,63.15,66.11
2021-04-15,63.42,66.13
2021-04-16,63.16,65.98
2021-04-19,63.33,66.54
2021-04-20,62.61,65.34
2021-04-21,61.34,64.02
2021-04-22,61.45,65.07
2021-04-23,62.18,65.75
2021-04-26,62.02,65.5
2021-04-27,63.03,66.25
2021-04-28,63.81,67.08
2021-04-29,65.0,68.26
2021-04-30,63.5,67.73
2021-05-03,64.46,
2021-05-04,65.72,68.91
2021-05-05,65.63,69.71
2021-05-06,64.73,68.62
2021-05-07,64.96,68.73
2021-05-10,64.92,68.61
2021-05-11,65.31,68.83
2021-05-12,65.96,69.62
2021-05-13,63.82,67.36
2021-05-14,65.32,69.24
2021-05-17,66.24,69.62
2021-05-18,65.49,69.01
2021-05-19,63.28,66.88
2021-05-20,61.95,65.18
2021-05-21,63.61,66.72
2021-05-24,66.13,68.59
2021-05-25,66.27,68.8
2021-05-26,66.41,68.93
2021-05-27,66.87,69.43
2021-05-28,66.31,69.36
2021-06-01,67.8,70.03
2021-06-02,68.79,70.6
2021-06-03,68.81,70.71
2021-06-04,69.57,71.3
2021-06-07,69.21,70.89
2021-06-08,70.11,71.39
2021-06-09,69.9,71.31
2021-06-10,70.34,71.65
2021-06-11,71.0,72.05
2021-06-14,70.94,72.27
2021-06-15,72.06,73.38
2021-06-16,72.03,73.88
2021-06-17,71.06,72.92
2021-06-18,71.64,73.1
2021-06-21,73.64,74.49
2021-06-22,73.15,74.92
2021-06-23,73.11,75.22
2021-06-24,73.31,75.95
2021-06-25,74.21,76.45
2021-06-28,72.98,74.78
2021-06-29,73.14,75.38
2021-06-30,73.52,76.94
2021-07-01,75.33,76.69
2021-07-02,75.37,77.51
2021-07-05,,78.34
2021-07-06,73.62,75.81
2021-07-07,72.22,74.31
2021-07-08,72.98,75.07
2021-07-09,74.56,77.14
2021-07-12,74.21,76.77
2021-07-13,75.24,77.5
2021-07-14,73.06,75.74
2021-07-15,71.67,74.53
2021-07-16,71.76,74.46
2021-07-19,66.45,69.33
2021-07-20,67.32,70.03
2021-07-21,70.26,72.54
2021-07-22,72.15,74.25
2021-07-23,72.24,74.86
2021-07-26,72.15,74.79
2021-07-27,71.68,74.87
2021-07-28,72.37,75.09
2021-07-29,73.62,76.3
2021-07-30,73.93,77.72
2021-08-02,71.31,73.91
2021-08-03,70.64,73.24
2021-08-04,68.19,70.99
2021-08-05,69.1,72.14
2021-08-06,68.26,71.02
2021-08-09,66.56,69.65
2021-08-10,68.33,71.14
2021-08-11,69.3,71.99
2021-08-12,69.12,71.79
2021-08-13,68.36,70.9
2021-08-16,67.44,70.07
2021-08-17,66.5,69.4
2021-08-18,65.36,68.61
2021-08-19,63.69,66.8
2021-08-20,62.25,65.51
2021-08-23,65.65,69.07
2021-08-24,67.5,71.21
2021-08-25,68.54,72.12
2021-08-26,67.42,70.42
2021-08-27,68.84,72.26
2021-08-30,69.28,
2021-08-31,68.43,73.45
2021-09-01,68.63,71.99
2021-09-02,70.07,73.56
2021-09-03,69.34,73.07
2021-09-06,,72.43
2021-09-07,68.49,71.52
2021-09-08,69.36,72.36
2021-09-09,68.26,71.32
2021-09-10,69.82,72.44
2021-09-13,70.54,72.97
2021-09-14,70.53,73.05
2021-09-15,72.59,74.84
2021-09-16,72.69,75.14
2021-09-17,72.09,74.64
2021-09-20,70.41,73.59
2021-09-21,70.51,73.65
2021-09-22,72.37,75.5
2021-09-23,73.43,76.44
2021-09-24,74.18,77.42
2021-09-27,75.54,78.85
2021-09-28,75.44,78.3
2021-09-29,75.06,77.86
2021-09-30,75.22,77.81
2021-10-01,76.01,79.4
2021-10-04,77.68,81.44
2021-10-05,79.17,82.72
2021-10-06,77.66,81.39
2021-10-07,78.46,82.34
2021-10-08,79.55,82.17
2021-10-11,80.64,83.75
2021-10-12,80.75,83.53
2021-10-13,80.67,83.53
2021-10-14,81.43,83.86
2021-10-15,82.39,84.67
2021-10-18,82.62,84.13
2021-10-19,83.19,85.02
2021-10-20,84.4,85.76
2021-10-21,82.64,84.58
2021-10-22,84.53,85.43
2021-10-25,84.64,84.85
2021-10-26,85.64,85.11
2021-10-27,82.66,84.12
2021-10-28,82.78,83.4
2021-10-29,83.5,83.1
2021-11-01,84.08,84.51
2021-11-02,83.91,84.42
2021-11-03,80.82,81.1
2021-11-04,78.88,80.15
2021-11-05,81.25,82.43
2021-11-08,81.96,83.22
2021-11-09,84.12,84.52
2021-11-10,81.23,82.91
2021-11-11,81.47,83.4
2021-11-12,80.87,82.9
2021-11-15,80.85,81.94
2021-11-16,80.76,82.85
2021-11-17,78.32,80.67
2021-11-18,78.92,82.45
2021-11-19,76.11,80.24
2021-11-22,76.74,80.97
2021-11-23,78.32,83.43
2021-11-24,78.32,82.37
2021-11-25,,82.05
2021-11-26,,72.37
2021-11-29,69.88,73.34
2021-11-30,66.14,70.86
2021-12-01,65.44,69.53
2021-12-02,66.6,70.56
2021-12-03,66.39,70.71
2021-12-06,69.62,73.38
2021-12-07,71.94,75.54
2021-12-08,72.43,75.94
2021-12-09,70.87,74.1
2021-12-10,71.71,74.98
2021-12-13,71.19,74.12
2021-12-14,70.57,73.37
2021-12-15,70.89,73.71
2021-12-16,72.34,74.64
2021-12-17,70.93,72.97
2021-12-20,68.69,70.51
2021-12-21,71.1,72.85
2021-12-22,72.82,74.69
2021-12-23,73.89,76.26
2021-12-24,,75.24
2021-12-27,75.49,
2021-12-28,76.01,
2021-12-29,76.58,78.63
2021-12-30,76.83,78.61
2021-12-31,75.33,77.24
2022-01-03,75.99,78.25
2022-01-04,77.0,79.39
2022-01-05,77.83,80.6
2022-01-06,79.47,81.99
2022-01-07,79.0,82.28
2022-01-10,78.11,81.56
2022-01-11,81.17,84.98
2022-01-12,82.51,85.83
2022-01-13,81.97,85.8
2022-01-14,83.82,87.17
2022-01-17,,87.82
2022-01-18,85.42,88.83
2022-01-19,86.84,89.64
2022-01-20,86.29,89.75
2022-01-21,85.16,89.75
2022-01-24,84.48,87.74
2022-01-25,86.61,89.49
2022-01-26,88.33,91.22
2022-01-27,87.61,90.7
2022-01-28,87.67,91.47
2022-01-31,89.16,92.35
2022-02-01,88.22,90.24
2022-02-02,88.16,91.43
2022-02-03,90.17,92.99
2022-02-04,92.27,96.86
2022-02-07,91.25,97.28
2022-02-08,89.32,96.07
2022-02-09,89.57,94.95
2022-02-10,89.83,96.37
2022-02-11,93.1,97.5
2022-02-14,95.52,101.66
2022-02-15,92.07,98.43
2022-02-16,93.83,97.44
2022-02-17,91.78,95.28
2022-02-18,91.26,96.18
2022-02-21,,98.95
2022-02-22,92.11,98.73
2022-02-23,92.14,99.29
2022-02-24,92.77,101.29
2022-02-25,91.68,98.56
2022-02-28,96.13,103.08
2022-03-01,103.66,110.93
2022-03-02,110.74,118.94
2022-03-03,107.69,115.36
2022-03-04,115.77,123.86
2022-03-07,119.26,129.02
2022-03-08,123.64,133.18
2022-03-09,108.81,116.58
2022-03-10,105.93,114.54
2022-03-11,109.31,118.11
2022-03-14,103.22,110.39
2022-03-15,96.42,105.14
2022-03-16,94.85,104.61
2022-03-17,102.97,113.5
2022-03-18,104.69,114.32
2022-03-21,112.14,122.29
2022-03-22,111.03,121.53
2022-03-23,114.89,127.52
2022-03-24,114.2,123.98
2022-03-25,116.2,122.67
2022-03-28,107.55,114.5
2022-03-29,104.25,112.79
2022-03-30,107.81,115.59
2022-03-31,100.53,107.29
2022-04-01,99.32,106.13
2022-04-04,103.29,108.15
2022-04-05,101.98,106.6
2022-04-06,96.39,100.81
2022-04-07,96.05,99.83
2022-04-08,98.35,101.26
2022-04-11,94.22,97.92
2022-04-12,100.52,104.42
2022-04-13,104.26,108.49
2022-04-14,106.84,110.83
2022-04-18,108.24,
2022-04-19,102.54,105.49
2022-04-20,102.56,105.05
2022-04-21,103.89,107.2
2022-04-22,102.86,105.15
2022-04-25,99.6,99.27
2022-04-26,102.62,102.89
2022-04-27,101.96,103.3
2022-04-28,105.47,105.78
2022-04-29,104.59,108.36
2022-05-02,105.18,
2022-05-03,102.53,104.94
2022-05-04,107.84,110.53
2022-05-05,108.17,112.11
2022-05-06,109.72,113.86
2022-05-09,103.08,106.67
2022-05-10,99.74,102.61
2022-05-11,105.5,107.7
2022-05-12,106.15,108.06
2022-05-13,110.52,112.12
2022-05-16,114.07,114.86
2022-05-17,112.31,112.89
2022-05-18,109.67,110.04
2022-05-19,112.21,113.22
2022-05-20,112.63,113.63
2022-05-23,110.32,115.13
2022-05-24,112.55,115.77
2022-05-25,112.88,116.41
2022-05-26,116.19,119.81
2022-05-27,114.96,121.19
2022-05-30,,123.01
2022-05-31,114.38,125.53
2022-06-01,115.26,122.2
2022-06-02,116.88,
2022-06-03,118.97,125.68
2022-06-06,118.41,124.99
2022-06-07,119.55,126.89
2022-06-08,121.94,129.2
2022-06-09,121.52,128.47
2022-06-10,120.73,127.44
2022-06-13,120.92,128.44
2022-06-14,118.92,127.02
2022-06-15,115.32,124.96
2022-06-16,117.56,125.78
2022-06-17,109.56,119.22
2022-06-20,,118.25
2022-06-21,110.49,118.51
2022-06-22,106.22,115.54
2022-06-23,105.75,114.5
2022-06-24,109.07,117.36
2022-06-27,111.44,119.69
2022-06-28,113.66,122.21
2022-06-29,111.65,120.8
2022-06-30,107.76,119.78
2022-07-01,110.3,119.21
2022-07-04,,121.8
2022-07-05,101.55,110.49
2022-07-06,100.31,108.54
2022-07-07,104.62,113.4
2022-07-08,106.78,113.95
2022-07-11,106.09,114.85
2022-07-12,97.69,106.98
2022-07-13,98.44,107.17
2022-07-14,97.79,107.74
2022-07-15,99.59,112.26
2022-07-18,104.48,117.27
2022-07-19,106.12,114.96
2022-07-20,104.45,115.86
2022-07-21,98.44,112.81
2022-07-22,97.71,106.77
2022-07-25,99.83,108.23
2022-07-26,97.74,107.32
2022-07-27,100.03,109.64
2022-07-28,99.11,109.68
2022-07-29,101.31,111.51
2022-08-01,96.59,106.09
2022-08-02,97.14,106.51
2022-08-03,93.25,101.82
2022-08-04,91.29,97.99
2022-08-05,91.77,100.31
2022-08-08,93.52,103.46
2022-08-09,93.18,103.81
2022-08-10,94.68,105.06
2022-08-11,97.02,107.19
2022-08-12,94.86,103.7
2022-08-15,92.24,98.25
2022-08-16,89.23,95.36
2022-08-17,90.85,97.22
2022-08-18,93.2,96.35
2022-08-19,93.55,96.45
2022-08-22,93.42,95.06
2022-08-23,96.46,99.49
2022-08-24,95.52,99.87
2022-08-25,93.33,98.81
2022-08-26,93.63,101.13
2022-08-29,97.4,
2022-08-30,92.08,99.34
2022-08-31,90.09,96.55
2022-09-01,87.09,92.24
2022-09-02,87.29,93.09
2022-09-05,,94.22
2022-09-06,87.35,91.43
2022-09-07,82.5,86.83
2022-09-08,84.04,87.99
2022-09-09,87.27,91.68
2022-09-12,88.18,93.45
2022-09-13,87.84,92.04
2022-09-14,88.88,92.83
2022-09-15,85.72,89.28
2022-09-16,85.57,89.43
2022-09-19,86.15,
2022-09-20,84.69,89.62
2022-09-21,83.38,89.86
2022-09-22,84.02,90.4
2022-09-23,79.07,84.29
2022-09-26,77.17,82.55
2022-09-27,78.91,85.97
2022-09-28,82.61,89.55
2022-09-29,81.78,89.41
2022-09-30,79.91,88.9
2022-10-03,84.05,90.68
2022-10-04,86.87,93.74
2022-10-05,88.22,94.35
2022-10-06,88.9,95.65
2022-10-07,93.07,98.88
2022-10-10,91.6,97.13
2022-10-11,89.75,95.17
2022-10-12,87.83,93.44
2022-10-13,89.59,95.16
2022-10-14,86.1,92.22
2022-10-17,86.0,91.04
2022-10-18,83.29,89.46
2022-10-19,86.0,91.34
2022-10-20,86.02,91.52
2022-10-21,85.47,91.82
2022-10-24,86.12,91.57
2022-10-25,86.93,91.76
2022-10-26,89.39,92.93
2022-10-27,89.06,94.17
2022-10-28,87.85,94.64
2022-10-31,86.54,93.3
2022-11-01,88.36,95.12
2022-11-02,90.06,96.07
2022-11-03,88.14,95.29
2022-11-04,92.58,99.53
2022-11-07,91.8,99.87
2022-11-08,88.8,96.85
2022-11-09,85.79,93.05
2022-11-10,86.52,94.25
2022-11-11,89.14,96.37
2022-11-14,85.85,93.59
2022-11-15,86.87,94.3
2022-11-16,85.62,92.61
2022-11-17,81.69,91.0
2022-11-18,80.07,88.93
2022-11-21,79.74,88.44
2022-11-22,80.83,88.65
2022-11-23,77.93,85.9
2022-11-24,,85.59
2022-11-25,76.45,83.4
2022-11-28,77.1,83.5
2022-11-29,77.96,83.22
2022-11-30,80.48,85.61
2022-12-01,81.06,86.28
2022-12-02,79.86,86.54
2022-12-05,76.83,83.36
2022-12-06,74.21,79.92
2022-12-07,71.93,77.11
2022-12-08,71.3,76.02
2022-12-09,71.05,76.37
2022-12-12,72.96,78.0
2022-12-13,75.44,80.14
2022-12-14,77.14,83.33
2022-12-15,75.89,82.34
2022-12-16,74.19,80.2
2022-12-19,75.05,81.66
2022-12-20,75.92,79.45
2022-12-21,78.17,80.25
2022-12-22,77.68,79.58
2022-12-23,79.57,82.45
2022-12-27,79.45,
2022-12-28,78.89,81.7
2022-12-29,78.43,80.96
2022-12-30,80.16,82.82
2023-01-03,76.87,80.36
2023-01-04,72.82,75.31
2023-01-05,73.61,76.73
2023-01-06,73.77,76.41
2023-01-09,74.69,77.5
2023-01-10,75.11,78.4
2023-01-11,77.46,81.11
2023-01-12,78.32,82.59
2023-01-13,79.9,83.43
2023-01-16,,82.65
2023-01-17,80.25,84.38
2023-01-18,79.53,83.78
2023-01-19,80.31,85.08
2023-01-20,81.27,86.96
2023-01-23,81.62,87.54
2023-01-24,79.86,85.25
2023-01-25,79.78,85.08
2023-01-26,80.64,86.29
2023-01-27,79.73,85.36
2023-01-30,77.97,84.9
2023-01-31,78.95,83.42
2023-02-01,76.34,81.61
2023-02-02,75.87,80.57
2023-02-03,73.4,78.85
2023-02-06,74.11,80.48
2023-02-07,77.17,82.92
2023-02-08,78.47,84.17
2023-02-09,78.04,83.46
2023-02-10,79.74,85.46
2023-02-13,80.14,85.98
2023-02-14,79.08,84.96
2023-02-15,78.57,84.11
2023-02-16,78.45,83.84
2023-02-17,76.31,81.97
2023-02-20,,82.79
2023-02-21,76.28,82.14
2023-02-22,73.95,79.55
2023-02-23,75.26,82.08
2023-02-24,76.19,82.31
2023-02-27,75.57,81.24
2023-02-28,76.88,83.21
2023-03-01,77.57,83.68
2023-03-02,78.05,84.15
2023-03-03,79.62,85.74
2023-03-06,80.39,85.86
2023-03-07,77.45,83.03
2023-03-08,76.56,82.1
2023-03-09,75.6,81.0
2023-03-10,76.55,82.3
2023-03-13,74.68,79.67
2023-03-14,71.18,76.77
2023-03-15,67.38,74.3
2023-03-16,68.15,73.12
2023-03-17,66.61,71.03
2023-03-20,67.56,72.42
2023-03-21,69.4,74.78
2023-03-22,70.71,76.08
2023-03-23,69.77,74.31
2023-03-24,69.22,73.63
2023-03-27,72.87,76.8
2023-03-28,73.12,78.07
2023-03-29,72.95,77.51
2023-03-30,74.32,78.45
2023-03-31,75.68,79.19
2023-04-03,80.4,85.81
2023-04-04,80.7,85.7
2023-04-05,80.69,85.89
2023-04-06,80.7,86.56
2023-04-10,79.79,
2023-04-11,81.54,87.32
2023-04-12,83.26,88.31
2023-04-13,82.16,86.51
2023-04-14,82.58,87.31
2023-04-17,80.93,85.63
2023-04-18,80.85,85.48
2023-04-19,79.18,85.34
2023-04-20,77.27,83.29
2023-04-21,77.86,83.36
2023-04-24,78.64,84.23
2023-04-25,77.05,82.13
2023-04-26,74.33,79.19
2023-04-27,74.77,80.11
2023-04-28,76.78,81.32
2023-05-01,75.65,
2023-05-02,71.71,76.71
2023-05-03,68.62,72.91
2023-05-04,68.52,73.0
2023-05-05,71.32,75.85
2023-05-08,73.13,
2023-05-09,73.68,77.76
2023-05-10,72.53,76.7
2023-05-11,70.81,75.32
2023-05-12,70.02,74.54
2023-05-15,71.07,75.46
2023-05-16,70.85,75.15
2023-05-17,72.78,76.98
2023-05-18,71.82,75.75
2023-05-19,71.57,75.42
2023-05-22,71.81,75.77
2023-05-23,72.87,76.66
2023-05-24,74.37,77.99
2023-05-25,71.68,75.66
2023-05-26,72.35,76.33
2023-05-30,69.45,73.38
2023-05-31,68.11,71.98
2023-06-01,70.09,74.18
2023-06-02,71.76,76.0
2023-06-05,72.14,76.61
2023-06-06,71.71,76.22
2023-06-07,72.52,76.85
2023-06-08,71.28,75.88
2023-06-09,70.16,74.74
2023-06-12,67.08,71.8
2023-06-13,69.39,74.24
2023-06-14,68.22,73.39
2023-06-15,70.61,75.75
2023-06-16,71.81,76.76
2023-06-19,,76.09
2023-06-20,70.94,75.79
2023-06-21,72.55,76.92
2023-06-22,69.22,73.93
2023-06-23,68.91,73.56
2023-06-26,69.09,73.86
2023-06-27,67.68,71.88
2023-06-28,69.54,73.64
2023-06-29,69.85,73.86
2023-06-30,70.66,74.51
2023-07-03,69.71,74.52
2023-07-04,,76.23
2023-07-05,71.78,76.74
2023-07-06,71.76,76.72
2023-07-07,73.91,78.77
2023-07-10,73.05,77.83
2023-07-11,74.87,79.54
2023-07-12,75.77,80.35
2023-07-13,76.86,81.31
2023-07-14,75.44,79.9
2023-07-17,74.17,77.8
2023-07-18,75.76,79.54
2023-07-19,75.4,79.38
2023-07-20,75.65,79.62
2023-07-21,77.06,81.06
2023-07-24,78.81,82.53
2023-07-25,79.76,83.46
2023-07-26,79.11,82.98
2023-07-27,80.17,84.28
2023-07-28,80.55,84.49
2023-07-31,81.8,85.22
2023-08-01,81.37,85.34
2023-08-02,79.5,84.01
2023-08-03,81.56,86.19
2023-08-04,82.76,87.38
2023-08-07,81.94,86.47
2023-08-08,82.94,88.0
2023-08-09,84.35,89.31
2023-08-10,82.81,87.44
2023-08-11,83.17,87.93
2023-08-14,82.5,87.4
2023-08-15,81.06,86.28
2023-08-16,79.4,84.49
2023-08-17,80.43,85.24
2023-08-18,81.25,85.92
2023-08-21,80.71,85.44
2023-08-22,80.25,84.7
2023-08-23,78.91,83.94
2023-08-24,79.52,84.07
2023-08-25,80.47,85.42
2023-08-28,80.65,
2023-08-29,81.14,86.37
2023-08-30,81.64,86.62
2023-08-31,83.55,87.29
2023-09-01,85.52,89.98
2023-09-04,,90.42
2023-09-05,86.74,91.25
2023-09-06,87.55,91.79
2023-09-07,86.87,91.16
2023-09-08,87.51,91.85
2023-09-11,87.3,91.97
2023-09-12,88.87,93.58
2023-09-13,88.59,93.04
2023-09-14,90.13,95.2
2023-09-15,90.83,95.55
2023-09-18,91.47,95.95
2023-09-19,91.16,96.11
2023-09-20,89.2,94.56
2023-09-21,89.56,93.7
2023-09-22,90.0,93.99
2023-09-25,89.68,94.01
2023-09-26,91.43,94.46
2023-09-27,93.67,97.1
2023-09-28,91.65,96.64
2023-09-29,90.77,95.86
2023-10-02,88.81,91.21
2023-10-03,89.26,94.46
2023-10-04,84.32,89.83
2023-10-05,82.3,88.28
2023-10-06,82.83,87.86
2023-10-09,,91.37
2023-10-10,85.89,90.7
2023-10-11,83.7,87.58
2023-10-12,82.87,88.4
2023-10-13,87.67,94.33
2023-10-16,86.65,90.99
2023-10-17,86.66,92.52
2023-10-18,88.35,91.99
2023-10-19,89.35,93.12
2023-10-20,89.12,93.72
2023-10-23,85.49,91.88
2023-10-24,84.58,88.0
2023-10-25,86.07,90.14
2023-10-26,83.8,88.45
2023-10-27,86.04,90.73
2023-10-30,83.03,90.73
2023-10-31,81.64,86.82
2023-11-01,81.05,86.92
2023-11-02,83.04,89.02
2023-11-03,81.19,87.55
2023-11-06,81.54,87.31
2023-11-07,77.96,83.43
2023-11-08,75.85,81.46
2023-11-09,76.34,81.74
2023-11-10,,83.66
2023-11-13,78.86,84.09
2023-11-14,78.9,84.2
2023-11-15,77.15,82.4
2023-11-16,73.5,77.73
2023-11-17,76.47,81.22
2023-11-20,78.1,83.25
2023-11-21,78.35,82.42
2023-11-22,76.8,81.76
2023-11-23,,80.85
2023-11-24,74.83,79.82
2023-11-27,74.46,79.49
2023-11-28,76.09,81.66
2023-11-29,77.56,82.98
2023-11-30,75.66,81.72
2023-12-01,73.7,78.72
2023-12-04,72.73,78.16
2023-12-05,71.95,77.27
2023-12-06,68.98,74.33
2023-12-07,69.0,74.21
2023-12-08,70.87,75.94
2023-12-11,70.95,75.75
2023-12-12,68.27,74.11
2023-12-13,69.09,74.14
2023-12-14,71.21,77.05
2023-12-15,71.05,76.84
2023-12-18,72.16,78.89
2023-12-19,73.23,79.82
2023-12-20,73.87,81.1
2023-12-21,73.59,80.73
2023-12-22,73.29,80.23
2023-12-26,75.84,
2023-12-27,74.31,80.97
2023-12-28,72.02,79.04
2023-12-29,71.89,77.69
2024-01-02,70.62,76.24
2024-01-03,72.97,77.18
2024-01-04,72.38,75.79
2024-01-05,74.0,78.31
2024-01-08,71.06,75.47
2024-01-09,72.43,77.97
2024-01-10,71.57,78.46
2024-01-11,72.15,80.21
2024-01-12,72.94,79.89
2024-01-15,,79.76
2024-01-16,72.63,80.15
2024-01-17,72.79,78.88
2024-01-18,74.32,81.04
2024-01-19,73.69,80.71
2024-01-22,75.26,81.7
2024-01-23,74.72,82.04
2024-01-24,75.48,82.15
2024-01-25,77.91,82.33
2024-01-26,78.45,83.34
2024-01-29,77.25,83.99
2024-01-30,78.3,84.14
2024-01-31,76.28,82.98
2024-02-01,74.36,82.2
2024-02-02,72.72,79.54
2024-02-05,73.21,79.3
2024-02-06,73.83,80.46
2024-02-07,74.26,81.18
2024-02-08,76.67,83.01
2024-02-09,77.26,83.58
2024-02-12,77.34,83.88
2024-02-13,78.28,84.72
2024-02-14,77.09,84.41
2024-02-15,78.47,84.33
2024-02-16,79.65,84.88
2024-02-19,,85.52
2024-02-20,78.72,84.78
2024-02-21,78.89,84.77
2024-02-22,79.64,85.84
2024-02-23,77.6,84.18
2024-02-26,78.53,84.01
2024-02-27,79.8,83.8
2024-02-28,79.44,84.08
2024-02-29,79.22,84.57
2024-03-01,80.9,84.82
2024-03-04,79.67,86.58
2024-03-05,79.11,85.82
2024-03-06,80.08,86.59
2024-03-07,79.81,84.88
2024-03-08,78.96,84.29
2024-03-11,78.87,83.44
2024-03-12,78.51,83.66
2024-03-13,80.67,83.95
2024-03-14,82.16,86.16
2024-03-15,81.94,85.39
2024-03-18,83.68,86.47
2024-03-19,84.39,87.36
2024-03-20,82.79,85.77
2024-03-21,81.99,84.92
2024-03-22,81.1,84.87
2024-03-25,82.41,86.18
2024-03-26,82.41,85.91
2024-03-27,82.15,84.94
2024-03-28,83.96,86.17
2024-04-01,84.54,
2024-04-02,85.95,87.63
2024-04-03,86.22,90.6
2024-04-04,87.37,90.32
2024-04-05,87.69,92.81
2024-04-08,87.24,91.73
2024-04-09,86.04,92.13
2024-04-10,86.98,91.57
2024-04-11,85.79,91.49
2024-04-12,86.46,93.12
2024-04-15,86.21,90.84
2024-04-16,86.15,91.29
2024-04-17,83.58,89.54
2024-04-18,83.5,88.34
2024-04-19,83.79,87.96
2024-04-22,83.82,87.3
2024-04-23,84.17,88.29
2024-04-24,84.09,89.02
2024-04-25,84.92,88.1
2024-04-26,85.38,89.95
2024-04-29,84.26,88.44
2024-04-30,83.49,88.23
2024-05-01,80.7,83.55
2024-05-02,80.59,84.81
2024-05-03,79.65,83.6
2024-05-06,80.1,
2024-05-07,79.97,82.69
2024-05-08,80.57,82.44
2024-05-09,80.86,83.27
2024-05-10,79.81,83.39
2024-05-13,80.71,83.18
2024-05-14,79.62,81.0
2024-05-15,80.23,79.98
2024-05-16,80.85,81.65
2024-05-17,81.66,82.24
2024-05-20,81.39,81.91
2024-05-21,80.66,81.22
2024-05-22,79.15,79.9
2024-05-23,77.47,79.25
2024-05-24,78.48,78.92
2024-05-28,80.9,81.34
2024-05-29,80.24,81.5
2024-05-30,78.96,81.42
2024-05-31,77.97,79.41
2024-06-03,75.26,76.45
2024-06-04,74.27,75.33
2024-06-05,75.08,75.41
2024-06-06,76.52,77.62
2024-06-07,76.53,78.12
2024-06-10,78.75,79.59
2024-06-11,78.88,80.15
2024-06-12,79.56,80.52
2024-06-13,79.61,81.44
2024-06-14,79.41,81.49
2024-06-17,81.33,82.45
2024-06-18,82.67,84.79
2024-06-19,,85.64
2024-06-20,83.34,85.92
2024-06-21,81.71,86.42
2024-06-24,82.63,86.75
2024-06-25,81.97,86.81
2024-06-26,82.19,85.76
2024-06-27,83.04,87.0
2024-06-28,82.83,87.26
2024-07-01,84.7,86.57
2024-07-02,84.09,88.28
2024-07-03,85.19,88.25
2024-07-04,,88.34
2024-07-05,84.44,88.66
2024-07-08,83.63,87.15
2024-07-09,82.78,86.48
2024-07-10,83.39,86.55
2024-07-11,83.92,86.49
2024-07-12,83.49,87.35
2024-07-15,83.22,86.42
2024-07-16,81.92,86.6
2024-07-17,84.16,85.76
2024-07-18,84.17,86.26
2024-07-19,81.43,85.19
2024-07-22,81.25,83.44
2024-07-23,78.24,82.2
2024-07-24,78.78,83.01
2024-07-25,79.43,82.58
2024-07-26,78.58,81.35
2024-07-29,77.27,80.94
2024-07-30,76.17,79.26
2024-07-31,79.36,81.39
2024-08-01,77.74,81.37
2024-08-02,74.99,78.35
2024-08-05,74.46,77.51
2024-08-06,74.6,76.62
2024-08-07,76.68,78.26
2024-08-08,77.64,80.76
2024-08-09,78.28,81.07
2024-08-12,81.45,83.06
2024-08-13,79.81,82.51
2024-08-14,78.47,82.15
2024-08-15,79.66,83.09
2024-08-16,78.05,81.56
2024-08-19,75.82,81.09
2024-08-20,75.27,78.85
2024-08-21,72.76,78.77
2024-08-22,73.72,78.8
2024-08-23,75.82,80.34
2024-08-26,78.4,
2024-08-27,76.5,81.51
2024-08-28,75.49,80.04
2024-08-29,76.9,81.55
2024-08-30,74.52,80.2
2024-09-02,,77.82
2024-09-03,71.28,76.46
2024-09-04,70.11,74.67
2024-09-05,70.09,74.47
2024-09-06,68.58,72.82
2024-09-09,69.65,72.37
2024-09-10,66.73,70.34
2024-09-11,68.25,70.31
2024-09-12,69.89,73.81
2024-09-13,69.59,73.68
2024-09-16,71.1,73.96
2024-09-17,72.16,74.55
2024-09-18,71.87,74.52
2024-09-19,72.86,75.93
2024-09-20,72.72,75.96
2024-09-23,71.33,74.95
2024-09-24,72.34,75.29
2024-09-25,70.42,75.4
2024-09-26,68.28,73.06
2024-09-27,68.72,71.63
2024-09-30,68.75,72.35
2024-10-01,70.41,75.3
2024-10-02,70.74,74.86
2024-10-03,74.33,77.57
2024-10-04,74.93,79.32
2024-10-07,77.76,81.74
2024-10-08,74.26,78.19
2024-10-09,73.85,77.06
2024-10-10,76.46,79.45
2024-10-11,76.11,80.27
2024-10-14,,78.47
2024-10-15,71.22,73.68
2024-10-16,70.97,73.65
2024-10-17,71.26,74.37
2024-10-18,69.78,72.75
2024-10-21,71.16,73.29
2024-10-22,72.84,75.59
2024-10-23,71.37,74.68
2024-10-24,70.58,74.27
2024-10-25,72.02,75.62
2024-10-28,67.65,71.87
2024-10-29,67.48,71.09
2024-10-30,68.91,73.21
2024-10-31,69.58,73.25
2024-11-01,69.81,73.63
2024-11-04,71.83,74.89
2024-11-05,72.26,76.98
2024-11-06,71.98,76.52
2024-11-07,72.69,75.73
2024-11-08,70.69,74.04
2024-11-11,,72.19
2024-11-12,68.43,72.56
2024-11-13,68.76,72.86
2024-11-14,68.99,73.39
2024-11-15,67.33,73.45
2024-11-18,69.46,74.35
2024-11-19,69.75,74.32
2024-11-20,69.25,74.33
2024-11-21,70.39,75.09
2024-11-22,71.68,76.1
2024-11-25,69.41,74.27
2024-11-26,69.05,74.56
2024-11-27,69.03,73.91
2024-11-28,,73.92
2024-11-29,68.26,74.16
2024-12-02,68.35,72.81
2024-12-03,70.15,74.8
2024-12-04,68.81,74.68
2024-12-05,68.58,73.78
2024-12-06,68.58,73.78
2024-12-09,68.65,73.73
2024-12-10,68.85,73.64
2024-12-11,70.57,74.38
2024-12-12,70.25,73.52
2024-12-13,71.54,74.89
2024-12-16,71.03,74.3
2024-12-17,70.31,73.16
2024-12-18,70.8,74.57
2024-12-19,70.1,73.75
2024-12-20,69.71,73.19
2024-12-23,69.5,72.12
2024-12-24,70.87,73.5
2024-12-26,70.38,
2024-12-27,71.28,73.77
2024-12-30,71.73,74.24
2024-12-31,72.44,74.58
2025-01-02,73.79,76.14
2025-01-03,74.64,76.72
2025-01-06,74.31,77.27
2025-01-07,74.99,77.84
2025-01-08,73.99,77.37
2025-01-09,,78.44
2025-01-10,77.27,79.76
2025-01-13,79.57,82.69
2025-01-14,78.2,82.39
2025-01-15,80.73,83.48
2025-01-16,79.35,82.39
2025-01-17,78.56,83.02
2025-01-20,,81.68
2025-01-21,76.79,80.57
2025-01-22,76.12,80.0
2025-01-23,75.03,78.62
2025-01-24,74.97,78.71
2025-01-27,73.51,77.3
2025-01-28,74.15,78.01
2025-01-29,72.94,77.02
2025-01-30,73.1,77.42
2025-01-31,72.84,77.11
2025-02-03,73.52,76.49
2025-02-04,73.04,76.58
2025-02-05,71.39,74.71
2025-02-06,70.97,74.54
2025-02-07,71.32,74.68
2025-02-10,72.73,76.23
2025-02-11,73.67,77.65
2025-02-12,71.72,75.38
2025-02-13,71.66,75.61
2025-02-14,71.05,75.19
2025-02-17,,75.81
2025-02-18,72.21,76.46
2025-02-19,72.58,76.34
2025-02-20,72.88,76.95
2025-02-21,70.72,74.88
2025-02-24,71.06,74.89
2025-02-25,69.15,73.11
2025-02-26,68.87,73.49
2025-02-27,70.62,75.01
2025-02-28,69.97,74.76
2025-03-03,68.63,72.85
2025-03-04,68.47,72.31
2025-03-05,66.58,70.92
2025-03-06,66.62,71.08
2025-03-07,67.29,72.49
2025-03-10,66.31,71.08
2025-03-11,66.52,71.51
2025-03-12,67.65,72.36
2025-03-13,66.82,70.82
2025-03-14,67.43,71.94
2025-03-17,67.84,71.93
2025-03-18,67.49,71.93
2025-03-19,67.4,71.94
2025-03-20,68.55,72.61
2025-03-21,68.52,72.64
2025-03-24,69.46,73.96
2025-03-25,69.48,73.78
2025-03-26,70.05,74.6
2025-03-27,70.3,74.72
2025-03-28,69.74,74.69
2025-03-31,71.87,77.23
2025-04-01,71.61,77.78
2025-04-02,72.12,77.27
2025-04-03,67.43,72.54
2025-04-04,62.42,68.36
2025-04-07,61.05,66.13
2025-04-08,60.04,64.86
2025-04-09,62.63,67.3
2025-04-10,60.57,65.37
2025-04-11,61.91,66.83
2025-04-14,61.99,67.18
2025-04-15,61.74,66.58
2025-04-16,62.88,67.94
2025-04-17,65.07,69.33
2025-04-21,63.48,
2025-04-22,64.6,68.93
2025-04-23,62.64,68.26
2025-04-24,63.55,67.5
2025-04-25,63.85,66.99
2025-04-28,63.3,66.13
2025-04-29,61.84,64.04
2025-04-30,59.55,63.37
2025-05-01,60.59,62.37
2025-05-02,59.67,61.57
2025-05-05,58.5,
2025-05-06,60.42,62.37
2025-05-07,59.42,60.31
2025-05-08,61.25,62.22
2025-05-09,62.37,64.26
2025-05-12,63.32,65.28
2025-05-13,65.04,66.93
2025-05-14,64.48,65.91
2025-05-15,63.03,64.36
2025-05-16,63.84,65.2
2025-05-19,63.98,66.25
2025-05-20,63.97,66.93
2025-05-21,62.93,65.86
2025-05-22,62.55,64.87
2025-05-23,62.89,65.41
2025-05-27,61.61,64.32
2025-05-28,62.54,65.72
2025-05-29,61.66,64.6
2025-05-30,61.46,64.32
2025-06-02,63.27,66.55
2025-06-03,64.1,67.48
2025-06-04,63.57,66.69
2025-06-05,64.06,67.14
2025-06-06,65.3,68.02
2025-06-09,65.99,68.73
2025-06-10,65.66,68.41
2025-06-11,68.91,71.29
2025-06-12,68.73,70.84
2025-06-13,73.84,76.0
2025-06-16,72.53,75.05
2025-06-17,75.62,78.7
2025-06-18,75.89,78.38
2025-06-19,,80.37
2025-06-20,75.72,78.73
2025-06-23,69.36,74.34
2025-06-24,65.45,69.13
2025-06-25,65.98,68.4
2025-06-26,66.44,68.57
2025-06-27,66.66,69.37
2025-06-30,66.3,68.15
2025-07-01,66.64,67.63
2025-07-02,68.66,70.8
2025-07-03,68.13,70.42
2025-07-04,,71.03
2025-07-07,69.16,71.95
2025-07-08,69.55,72.5
2025-07-09,69.61,71.98
2025-07-10,67.78,70.38
2025-07-11,69.63,72.06
2025-07-14,68.19,70.96
2025-07-15,67.76,70.27
2025-07-16,67.13,69.67
2025-07-17,68.76,71.32
2025-07-18,68.53,71.06
2025-07-21,68.39,71.92
2025-07-22,67.56,69.69
2025-07-23,66.05,69.17
2025-07-24,67.16,70.42
2025-07-25,66.38,69.23
2025-07-28,67.81,70.87
2025-07-29,70.27,73.21
2025-07-30,71.09,73.98
2025-07-31,70.36,73.43
2025-08-01,68.39,70.55
2025-08-04,67.33,69.56
2025-08-05,66.2,69.14
2025-08-06,65.38,67.97
2025-08-07,64.9,66.99
2025-08-08,64.94,67.17
2025-08-11,65.03,67.36
2025-08-12,64.22,66.8
2025-08-13,63.68,66.25
2025-08-14,64.99,68.12
2025-08-15,63.78,67.3
2025-08-18,64.51,68.18
2025-08-19,63.38,66.62
2025-08-20,64.19,67.61
2025-08-21,64.56,68.41
2025-08-22,64.08,68.29
2025-08-25,65.18,
2025-08-26,63.6,66.89
2025-08-27,64.49,67.75
2025-08-28,64.96,68.61
2025-08-29,64.36,67.83
2025-09-01,,67.09
2025-09-02,65.95,68.09
2025-09-03,64.36,67.76
2025-09-04,63.81,66.41
2025-09-05,62.22,64.92
2025-09-08,62.6,65.44
2025-09-09,62.97,67.97
2025-09-10,64.01,67.62
2025-09-11,62.71,67.25
2025-09-12,63.02,67.87
2025-09-15,63.66,67.88
2025-09-16,64.89,69.69
2025-09-17,64.41,69.19
2025-09-18,63.91,67.83
2025-09-19,63.02,67.05
2025-09-22,62.99,66.87
2025-09-23,63.76,67.96
2025-09-24,65.4,69.64
2025-09-25,65.51,70.48
2025-09-26,66.5,71.15
2025-09-29,64.27,69.0
2025-09-30,63.17,68.52
2025-10-01,62.59,66.67
2025-10-02,61.28,65.44
2025-10-03,61.65,66.13
2025-10-06,62.49,67.09
2025-10-07,62.52,67.1
2025-10-08,63.37,67.42
2025-10-09,62.36,67.23
2025-10-10,59.75,64.41
2025-10-13,,64.15
2025-10-14,59.52,63.0
2025-10-15,59.08,62.33
2025-10-16,58.29,61.08
2025-10-17,58.3,61.23
2025-10-20,58.34,60.71
2025-10-21,58.66,61.0
2025-10-22,59.3,62.28
2025-10-23,62.44,66.32
2025-10-24,62.27,65.8
2025-10-27,62.13,65.52
2025-10-28,60.97,64.03
2025-10-29,61.26,65.01
2025-10-30,61.36,65.11
2025-10-31,61.75,65.44
2025-11-03,61.79,65.79
2025-11-04,61.38,65.04
2025-11-05,60.4,63.54
2025-11-06,60.24,63.41
2025-11-07,60.54,63.72
2025-11-10,60.94,63.01
2025-11-11,,63.86
2025-11-12,59.3,61.88
2025-11-13,59.54,62.14
2025-11-14,60.87,63.45
2025-11-17,60.66,63.16
2025-11-18,61.51,64.86
2025-11-19,60.27,63.78
2025-11-20,60.07,63.64
2025-11-21,58.86,62.78
2025-11-24,59.11,64.83
2025-11-25,58.25,63.99
2025-11-26,58.81,64.81
2025-11-27,,64.18
2025-11-28,58.58,64.07
2025-12-01,59.47,64.22
2025-12-02,58.81,63.37
2025-12-03,59.09,63.75
2025-12-04,59.82,64.15
2025-12-05,60.23,64.42
2025-12-08,59.04,63.3
2025-12-09,58.4,62.62
2025-12-10,58.67,63.12
2025-12-11,57.76,61.87
2025-12-12,57.61,62.11
2025-12-15,56.97,61.55
2025-12-16,55.44,59.93
2025-12-17,56.07,60.61
2025-12-18,56.22,60.69
2025-12-19,56.8,61.35
2025-12-22,58.18,62.22
2025-12-23,58.55,63.7
2025-12-24,58.72,63.7
2025-12-26,56.6,
2025-12-29,57.89,63.1
